vehicle_id,cust_id,driver_id,trip_id,trip_date,start_point,end_point,miles,trip_status,promotion_id
VH00002,6995977,DR00002,63657166638,9/29/2024,Texas,Texas,23.17,Completed,PRKMNU
VH00018,7585457,DR00018,84996548859,9/1/2024,Alabama,Indiana,13.89,Completed,PRMKMR
VH00020,2829457,DR00020,18168427573,9/19/2024,Minnesota,Illinois,32.88,Completed,PRMKMR
VH00015,9841373,DR00015,34814787531,9/7/2024,Colorado,Massachusetts,11.4,Completed,MNUKMR
VH00015,4315849,DR00015,58819534892,9/15/2024,District of Columbia,Tennessee,28.79,Completed,LKHISD
VH00017,3219965,DR00017,64148137233,9/25/2024,Kansas,Pennsylvania,22.49,Completed,PRKMNU
VH00005,6229965,DR00005,32838789711,9/17/2024,California,Nevada,30.94,Trip Failed,MNUKMR
VH00015,4628115,DR00015,87964532881,9/17/2024,Pennsylvania,Delaware,16.72,Trip Failed,PRMKMR
VH00015,7935971,DR00015,57646393913,9/17/2024,Oklahoma,California,23.19,Completed,N/A
VH00002,6966474,DR00002,34552619955,9/11/2024,Texas,Michigan,36.71,Completed,RVKMRG
VH00017,8925796,DR00017,72775644325,9/25/2024,Nevada,Arizona,22.91,Completed,RVKMRG
VH00009,8599466,DR00009,98194821683,9/3/2024,Iowa,California,28.84,Completed,LKHISD
VH00012,6632529,DR00012,15624766867,9/13/2024,Arkansas,California,10.33,Completed,LKHISD
VH00007,8552798,DR00007,78745368716,9/11/2024,Florida,Tennessee,19.73,Completed,MKSMPK
VH00002,6675644,DR00002,43423354951,9/28/2024,Texas,Pennsylvania,16.25,Completed,MNUKMR
VH00006,3415441,DR00006,93971898392,9/11/2024,Indiana,Pennsylvania,38.83,Completed,N/A
VH00014,4816383,DR00014,82489998667,9/23/2024,Missouri,Iowa,23.89,Completed,PRMKMR
VH00005,5298396,DR00005,96552417755,9/29/2024,Florida,Idaho,12.14,Completed,NEWUSR
VH00003,6528476,DR00003,99686123181,9/28/2024,Arkansas,Minnesota,39.71,Completed,N/A
VH00017,6981129,DR00017,26429631894,9/9/2024,Illinois,New York,27.8,Completed,MNUKMR
VH00013,3514761,DR00013,27513132852,9/28/2024,Colorado,Kentucky,28.96,Trip Failed,PRMKMR
VH00019,6726732,DR00019,18639966454,9/15/2024,Georgia,Tennessee,35.04,Completed,PRMKMR
VH00004,5832267,DR00004,26986787734,9/26/2024,Ohio,Georgia,35.4,Completed,N/A
VH00017,2949556,DR00017,99327739889,9/12/2024,Virginia,Texas,29.7,Completed,PRKMNU
VH00011,9614423,DR00011,59623898789,9/21/2024,Alabama,North Carolina,30.33,Completed,PRMKMR
VH00019,9159666,DR00019,29763722966,9/8/2024,Massachusetts,District of Columbia,18.97,Completed,LKHISD
VH00004,8271274,DR00004,79853839573,9/11/2024,Florida,District of Columbia,39.95,Completed,PRKMNU
VH00010,4724685,DR00010,48579138555,9/15/2024,Florida,California,25.33,Completed,MKSMPK
VH00002,3589894,DR00002,42347739654,9/29/2024,Virginia,Texas,20.31,Completed,LKHISD
VH00020,4883193,DR00020,86842528676,9/12/2024,Illinois,Indiana,12.35,Completed,RVKMRG
VH00010,1419214,DR00010,19269764144,9/23/2024,District of Columbia,California,20.03,Completed,PRMKMR
VH00012,7361345,DR00012,19937953962,9/15/2024,Virginia,Texas,15.09,Completed,PRKMNU
VH00003,4515697,DR00003,37582317967,9/5/2024,Texas,California,35.24,Completed,RVKMRG
VH00003,2926931,DR00003,58834915395,9/17/2024,Wisconsin,Florida,28.54,Completed,PRKMNU
VH00012,5942626,DR00012,74113929181,9/26/2024,Illinois,California,28.73,Completed,NEWUSR
VH00003,9869187,DR00003,33744586496,9/8/2024,California,District of Columbia,35.56,Completed,NEWUSR
VH00006,1436316,DR00006,43847517251,9/3/2024,District of Columbia,New York,22.32,Completed,PRKMNU
VH00012,1281654,DR00012,83359791356,9/27/2024,Texas,Illinois,18.39,Completed,MKSMPK
VH00015,7342997,DR00015,64137236122,9/14/2024,Virginia,Nevada,18.4,Completed,MNUKMR
VH00007,7771578,DR00007,57379945749,9/9/2024,Pennsylvania,Utah,32.98,Completed,MNUKMR
VH00007,3753613,DR00007,79431749491,9/9/2024,Texas,Maryland,27.07,Completed,MNUKMR
VH00001,4728433,DR00001,28595656375,9/25/2024,Indiana,New Jersey,19.2,Completed,PRMKMR
VH00017,2525498,DR00017,37718699289,9/24/2024,Nebraska,Pennsylvania,36.06,Completed,RVKMRG
VH00005,4469985,DR00005,59878597568,9/28/2024,Florida,California,28.89,Completed,RVKMRG
VH00013,5348354,DR00013,89444344389,9/17/2024,Pennsylvania,California,25.74,Completed,N/A
VH00016,4321833,DR00016,34175751815,9/9/2024,California,Florida,19.25,Completed,MNUKMR
VH00002,2447872,DR00002,55342281628,9/24/2024,California,Oklahoma,35.58,Completed,RVKMRG
VH00014,6997394,DR00014,39275976637,9/13/2024,Texas,South Carolina,27.42,Trip Failed,PRKMNU
VH00018,4478674,DR00018,99515772667,9/23/2024,Texas,New York,39.1,Completed,NEWUSR
VH00008,8877453,DR00008,66657994379,9/15/2024,Arizona,Florida,30.52,Completed,LKHISD
VH00014,8777351,DR00014,93161355774,9/13/2024,Virginia,Ohio,27.82,Completed,PRMKMR
VH00010,3995787,DR00010,99276746388,9/16/2024,Illinois,Florida,28.14,Completed,RVKMRG
VH00017,9823554,DR00017,69338819258,9/8/2024,Texas,Tennessee,15.5,Completed,MKSMPK
VH00010,1489486,DR00010,73653183383,9/11/2024,California,Ohio,15.84,Completed,NEWUSR
VH00015,6269567,DR00015,21784783488,9/18/2024,Kansas,New Jersey,29.98,Completed,RVKMRG
VH00011,2486827,DR00011,53567214596,9/24/2024,Maryland,Massachusetts,27.62,Completed,RVKMRG
VH00005,5639982,DR00005,24151654869,9/7/2024,Kansas,Louisiana,28.31,Completed,MKSMPK
VH00019,9585753,DR00019,65284223598,9/18/2024,Indiana,Massachusetts,18.2,Completed,PRMKMR
VH00001,3549799,DR00001,22797133836,9/11/2024,Georgia,Kentucky,29.58,Completed,MKSMPK
VH00019,6667653,DR00019,36713341268,9/10/2024,Alaska,Kentucky,15.42,Completed,RVKMRG
VH00019,6118934,DR00019,97513216212,9/7/2024,Colorado,Texas,17.59,Completed,LKHISD
VH00013,8461297,DR00013,47783576883,9/8/2024,California,Nevada,23.36,Completed,PRKMNU
VH00005,9714842,DR00005,13285416688,9/11/2024,Minnesota,Connecticut,14.71,Completed,PRMKMR
VH00016,3858861,DR00016,29642361727,9/27/2024,New York,California,33.81,Trip Failed,RVKMRG
VH00004,3181393,DR00004,25921555322,9/6/2024,Nebraska,North Carolina,25.4,Completed,PRKMNU
VH00001,2363177,DR00001,63472284751,9/12/2024,District of Columbia,Michigan,37.71,Completed,MNUKMR
VH00005,8757276,DR00005,68623643837,9/2/2024,California,Indiana,20.5,Completed,RVKMRG
VH00020,6442852,DR00020,59868877187,9/5/2024,Michigan,New York,19.77,Trip Failed,MNUKMR
VH00017,9225291,DR00017,17517919457,9/5/2024,Ohio,Ohio,37.96,Completed,N/A
VH00009,5797556,DR00009,48549424842,9/29/2024,New York,Oklahoma,13.28,Completed,NEWUSR
VH00004,8754569,DR00004,13643627257,9/12/2024,Delaware,Missouri,10.85,Completed,LKHISD
VH00016,6161751,DR00016,83131529698,9/19/2024,Iowa,Alabama,13.65,Completed,RVKMRG
VH00016,1966796,DR00016,81631778164,9/13/2024,Alabama,New York,39.73,Completed,MNUKMR
VH00002,5981366,DR00002,77259832247,9/29/2024,California,Texas,25.38,Completed,PRMKMR
VH00001,5994497,DR00001,33377354618,9/20/2024,Oregon,Illinois,28.64,Completed,LKHISD
VH00016,3426885,DR00016,22588825499,9/21/2024,Texas,Tennessee,20.58,Completed,MNUKMR
VH00017,9266936,DR00017,84997798356,9/25/2024,Illinois,Florida,34.32,Completed,MKSMPK
VH00006,6643666,DR00006,65784929461,9/10/2024,Texas,Missouri,37.87,Completed,MNUKMR
VH00014,6512425,DR00014,86997625767,9/29/2024,Texas,North Carolina,16.85,Trip Failed,RVKMRG
VH00018,4564149,DR00018,92619945935,9/23/2024,California,Louisiana,23.47,Completed,PRKMNU
VH00008,7626747,DR00008,41596893542,9/13/2024,Colorado,Kentucky,24.94,Completed,PRMKMR
VH00020,4571426,DR00020,37654186711,9/29/2024,California,District of Columbia,31.77,Completed,MKSMPK
VH00010,8653454,DR00010,67834611793,9/29/2024,Texas,New York,13.93,Completed,RVKMRG
VH00007,4963522,DR00007,43465776129,9/1/2024,South Carolina,Ohio,31.93,Completed,RVKMRG
VH00015,8751793,DR00015,21966686888,9/25/2024,Georgia,Texas,13.63,Completed,PRMKMR
VH00017,3231445,DR00017,64432822987,9/29/2024,Texas,Oklahoma,13.08,Completed,MKSMPK
VH00012,2722547,DR00012,66686521641,9/8/2024,Texas,Louisiana,21.29,Trip Failed,MKSMPK
VH00016,5477717,DR00016,57534258137,9/22/2024,Ohio,Texas,16.09,Completed,MNUKMR
VH00020,5657981,DR00020,79287262693,9/17/2024,Oklahoma,Louisiana,29.13,Completed,LKHISD
VH00005,1897793,DR00005,13496288261,9/16/2024,Nevada,Arizona,37.4,Completed,MKSMPK
VH00011,1419349,DR00011,48279989934,9/22/2024,Texas,Arizona,31.88,Completed,PRKMNU
VH00014,1217278,DR00014,84818747128,9/10/2024,Wisconsin,Illinois,12.22,Trip Failed,MKSMPK
VH00001,8142915,DR00001,92439897126,9/24/2024,California,South Carolina,11.5,Completed,MNUKMR
VH00003,8374985,DR00003,91976472431,9/6/2024,Utah,Florida,37.78,Trip Failed,PRMKMR
VH00017,9616955,DR00017,15574131685,9/21/2024,Texas,New York,27.12,Completed,PRMKMR
VH00017,9762656,DR00017,71761411615,9/1/2024,Georgia,California,39.08,Completed,NEWUSR
VH00016,2455565,DR00016,47223918936,9/29/2024,Kansas,New York,14.43,Trip Failed,LKHISD
VH00009,8312362,DR00009,52951426827,9/24/2024,Pennsylvania,Texas,24.77,Completed,NEWUSR
VH00016,3159689,DR00016,17986916393,9/7/2024,District of Columbia,Kentucky,25.39,Completed,PRKMNU
VH00001,3874475,DR00001,52453949381,9/7/2024,Tennessee,California,28.59,Completed,RVKMRG
VH00009,3573895,DR00009,99254736945,9/2/2024,District of Columbia,Texas,39.99,Completed,LKHISD
VH00009,9514421,DR00009,35314428856,9/18/2024,Florida,South Carolina,36.77,Completed,N/A
VH00011,9256553,DR00011,35355816414,9/21/2024,New York,Florida,18.34,Completed,N/A
VH00001,7472694,DR00001,87182731937,9/12/2024,New York,Indiana,15.18,Completed,LKHISD
VH00002,4261927,DR00002,62948328835,9/6/2024,Illinois,District of Columbia,16.04,Completed,N/A
VH00001,4582639,DR00001,28213425978,9/23/2024,Texas,Pennsylvania,36.61,Completed,PRMKMR
VH00004,3522571,DR00004,52362677928,9/1/2024,Washington,District of Columbia,16.51,Completed,PRKMNU
VH00001,6726151,DR00001,78465147452,9/7/2024,Maryland,Arkansas,32.47,Completed,NEWUSR
VH00001,9384899,DR00001,38231213419,9/29/2024,Illinois,Georgia,17.57,Completed,PRMKMR
VH00014,2348511,DR00014,56684235661,9/29/2024,Iowa,California,19.87,Completed,LKHISD
VH00018,9288556,DR00018,53331528136,9/29/2024,Virginia,Indiana,23.76,Completed,MNUKMR
VH00001,4451491,DR00001,31194633615,9/9/2024,Colorado,Nebraska,29.79,Completed,MKSMPK
VH00010,8984439,DR00010,67891386836,9/2/2024,Florida,Georgia,25.01,Completed,NEWUSR
VH00007,7924817,DR00007,12621455321,9/10/2024,Missouri,Missouri,31.93,Completed,MNUKMR
VH00014,8291398,DR00014,41993834573,9/18/2024,Nevada,Illinois,35.33,Completed,MKSMPK
VH00018,8632388,DR00018,51141172944,9/29/2024,Washington,Louisiana,33.69,Completed,MKSMPK
VH00016,3348879,DR00016,21186348645,9/7/2024,New York,Texas,16.79,Completed,PRMKMR
VH00011,5662992,DR00011,92239629388,9/21/2024,California,Florida,26.24,Trip Failed,RVKMRG
VH00015,5325756,DR00015,17271116583,9/27/2024,Colorado,District of Columbia,14.7,Completed,PRMKMR
VH00018,6566166,DR00018,84114757781,9/21/2024,Iowa,Michigan,31.09,Completed,MKSMPK
VH00014,2221516,DR00014,68816251592,9/13/2024,Texas,Minnesota,14.99,Completed,NEWUSR
VH00005,2659829,DR00005,55174241924,9/5/2024,Florida,Indiana,20.42,Completed,MNUKMR
VH00015,8728611,DR00015,83751891226,9/27/2024,Florida,Colorado,32.63,Completed,NEWUSR
VH00014,9825219,DR00014,66316187218,9/27/2024,Virginia,Texas,28.88,Completed,PRMKMR
VH00014,3215548,DR00014,94941234446,9/8/2024,Florida,Illinois,11.05,Completed,MNUKMR
VH00003,9278452,DR00003,39751181633,9/20/2024,North Carolina,Kansas,10.29,Completed,LKHISD
VH00002,2788434,DR00002,79523983262,9/13/2024,Louisiana,Illinois,17.73,Completed,MKSMPK
VH00007,1195255,DR00007,32896289394,9/23/2024,Louisiana,Michigan,27.7,Completed,LKHISD
VH00007,1432217,DR00007,46218282892,9/9/2024,Ohio,Florida,33.73,Completed,NEWUSR
VH00014,8159189,DR00014,14477824848,9/13/2024,Texas,Texas,21.78,Trip Failed,PRMKMR
VH00008,1372618,DR00008,55299359635,9/3/2024,Texas,Florida,35.35,Completed,N/A
VH00007,6117636,DR00007,39594861832,9/17/2024,Texas,New York,38.2,Completed,PRKMNU
VH00001,6669184,DR00001,36982342949,9/12/2024,Virginia,Texas,36.26,Completed,PRMKMR
VH00009,4888884,DR00009,37617377741,9/7/2024,Iowa,Massachusetts,39.45,Completed,PRKMNU
VH00006,9443147,DR00006,38665577372,9/8/2024,Utah,Texas,14.1,Completed,MNUKMR
VH00007,3147419,DR00007,66857596185,9/13/2024,Mississippi,Florida,37.09,Trip Failed,PRMKMR
VH00009,5918637,DR00009,52433324388,9/11/2024,Pennsylvania,Ohio,10.53,Completed,PRMKMR
VH00007,7494922,DR00007,46694664818,9/14/2024,California,New Jersey,27.2,Completed,N/A
VH00018,1552194,DR00018,84456142237,9/29/2024,Virginia,Arizona,38.05,Trip Failed,RVKMRG
VH00014,8751749,DR00014,65183484521,9/26/2024,Florida,North Carolina,28.8,Completed,LKHISD
VH00005,5363754,DR00005,55246218652,9/14/2024,Missouri,South Dakota,29.56,Trip Failed,RVKMRG
VH00005,6748165,DR00005,14739117426,9/5/2024,Kansas,Kentucky,18.58,Completed,PRMKMR
VH00013,9137277,DR00013,72493269996,9/14/2024,Texas,Minnesota,33.4,Completed,N/A
VH00020,3791264,DR00020,93399225686,9/29/2024,Arizona,Texas,28.49,Completed,PRMKMR
VH00015,8366675,DR00015,49529951135,9/2/2024,Maryland,Florida,34.95,Completed,MKSMPK
VH00009,5864867,DR00009,22549395932,9/17/2024,California,New York,35.79,Completed,N/A
VH00005,2361221,DR00005,75594183354,9/27/2024,Florida,Utah,24.66,Completed,MKSMPK
VH00014,7513537,DR00014,45263878343,9/4/2024,Florida,Indiana,20.26,Completed,PRMKMR
VH00012,1983657,DR00012,14536683358,9/20/2024,Tennessee,Florida,14.44,Completed,MNUKMR
VH00005,3188741,DR00005,93357316874,9/4/2024,Florida,Pennsylvania,26.68,Completed,MNUKMR
VH00001,1116929,DR00001,37215934919,9/26/2024,Virginia,New York,29.02,Completed,MKSMPK
VH00016,2258638,DR00016,78817241615,9/23/2024,Florida,Georgia,16.84,Completed,PRMKMR
VH00018,3979752,DR00018,96278599318,9/18/2024,Wisconsin,New York,29.37,Completed,PRKMNU
VH00003,4757677,DR00003,48465359921,9/1/2024,Maryland,Iowa,18.74,Completed,MNUKMR
VH00017,9335798,DR00017,79265585135,9/14/2024,Pennsylvania,Texas,37.48,Completed,PRMKMR
VH00012,3864696,DR00012,69431452954,9/7/2024,Kentucky,Florida,34.75,Completed,MKSMPK
VH00017,9724964,DR00017,24589275248,9/13/2024,Kansas,Iowa,17.85,Completed,PRMKMR
VH00007,7667953,DR00007,61893922971,9/17/2024,Arkansas,Iowa,37.42,Completed,RVKMRG
VH00015,8795914,DR00015,96573314226,9/8/2024,California,New York,21.92,Completed,N/A
VH00015,6569813,DR00015,82578563448,9/8/2024,Minnesota,Florida,14.58,Completed,LKHISD
VH00011,7593425,DR00011,57447785594,9/21/2024,Texas,Oklahoma,29.7,Completed,N/A
VH00020,3648677,DR00020,86523197642,9/22/2024,Arizona,Florida,31.45,Completed,N/A
VH00015,5767214,DR00015,99671544686,9/6/2024,Texas,Texas,22.83,Completed,PRMKMR
VH00008,6147165,DR00008,88371434368,9/7/2024,New York,New Jersey,37.86,Completed,RVKMRG
VH00002,1376368,DR00002,11548416134,9/22/2024,Kentucky,Georgia,39.8,Completed,N/A
VH00008,1774131,DR00008,49333758612,9/28/2024,California,Texas,23.79,Completed,N/A
VH00007,9595735,DR00007,53981476317,9/17/2024,Virginia,New Mexico,14.14,Completed,MNUKMR
VH00015,6741695,DR00015,46699181972,9/26/2024,California,Connecticut,25.87,Completed,PRKMNU
VH00018,8568486,DR00018,22847715584,9/5/2024,California,Texas,25.71,Completed,N/A
VH00007,6673244,DR00007,95462322895,9/6/2024,Washington,Missouri,24.47,Completed,MNUKMR
VH00018,4933228,DR00018,83995577811,9/21/2024,New York,Michigan,32.88,Completed,PRKMNU
VH00005,7862154,DR00005,28684254312,9/12/2024,California,Missouri,24.02,Completed,RVKMRG
VH00007,4813378,DR00007,44132684239,9/26/2024,Florida,Washington,10.52,Completed,MKSMPK
VH00020,2952176,DR00020,18725744688,9/2/2024,Missouri,Indiana,17.26,Completed,LKHISD
VH00007,3368364,DR00007,23797186157,9/12/2024,Florida,Florida,24.24,Completed,N/A
VH00017,4953987,DR00017,51492438134,9/22/2024,Pennsylvania,North Carolina,31.5,Completed,RVKMRG
VH00010,6328927,DR00010,75663716623,9/16/2024,Florida,Florida,15.85,Completed,MNUKMR
VH00015,1789232,DR00015,65673278188,9/7/2024,Missouri,North Carolina,32.49,Completed,MNUKMR
VH00002,3542669,DR00002,87565178633,9/22/2024,Connecticut,Wisconsin,10.08,Completed,NEWUSR
VH00005,3158597,DR00005,53292748743,9/1/2024,Georgia,Nebraska,39.95,Completed,RVKMRG
VH00008,1834371,DR00008,25198781924,9/6/2024,Virginia,Texas,24.3,Completed,NEWUSR
VH00010,7198595,DR00010,71742748618,9/12/2024,California,Pennsylvania,28.73,Completed,N/A
VH00009,4593114,DR00009,14111722773,9/12/2024,California,Missouri,19.5,Completed,MNUKMR
VH00017,2913929,DR00017,71774628251,9/3/2024,Arizona,Kansas,14.79,Completed,MKSMPK
VH00011,6265267,DR00011,99251455663,9/10/2024,California,Illinois,30.03,Completed,RVKMRG
VH00009,7843755,DR00009,78457112817,9/16/2024,Michigan,Ohio,30.91,Completed,MKSMPK
VH00003,9138636,DR00003,52169683395,9/9/2024,Louisiana,Florida,24.89,Completed,PRKMNU
VH00005,5758935,DR00005,97712588118,9/7/2024,Iowa,District of Columbia,20.37,Completed,PRKMNU
VH00012,6891426,DR00012,59914811689,9/22/2024,Ohio,North Carolina,36.03,Completed,LKHISD
VH00018,1932442,DR00018,65865333716,9/20/2024,Texas,Wisconsin,32.04,Completed,N/A
VH00014,1758735,DR00014,17215668743,9/27/2024,Florida,New York,39.94,Completed,RVKMRG
VH00008,2587911,DR00008,58114261485,9/20/2024,Florida,Ohio,25.04,Completed,PRKMNU
VH00015,6514289,DR00015,37266749688,9/16/2024,Indiana,Texas,24.38,Trip Failed,PRKMNU
VH00015,8263487,DR00015,68444512833,9/5/2024,Texas,Florida,16.28,Completed,RVKMRG
VH00016,9188843,DR00016,44499586532,9/23/2024,Florida,Georgia,36.51,Completed,MNUKMR
VH00019,5826776,DR00019,14547586274,9/7/2024,Nevada,Texas,10.27,Completed,PRMKMR
VH00012,3567765,DR00012,52574824855,9/12/2024,Alabama,Nevada,38.93,Completed,MNUKMR
VH00007,7213881,DR00007,88454968282,9/8/2024,Florida,Georgia,34.24,Completed,MNUKMR
VH00018,9675423,DR00018,55968178795,9/21/2024,Missouri,New York,37.92,Completed,MNUKMR
VH00007,3122969,DR00007,91831468656,9/14/2024,Oklahoma,Illinois,39.86,Completed,N/A
VH00007,2799479,DR00007,52957572238,9/18/2024,Louisiana,Ohio,37.6,Completed,NEWUSR
VH00011,9381635,DR00011,98844445462,9/4/2024,North Carolina,Florida,11.64,Completed,NEWUSR
VH00020,3794198,DR00020,18816117653,9/27/2024,Florida,Maryland,22.7,Completed,NEWUSR
VH00013,9291548,DR00013,42391956136,9/28/2024,Florida,Texas,29.07,Completed,NEWUSR
VH00011,2619748,DR00011,58117915226,9/9/2024,Utah,New York,34.22,Trip Failed,RVKMRG
VH00003,7637497,DR00003,25618543769,9/17/2024,Texas,West Virginia,20.65,Completed,RVKMRG
VH00008,8198419,DR00008,61452528457,9/16/2024,California,Colorado,25.34,Completed,PRMKMR
VH00002,9164126,DR00002,23912947449,9/11/2024,North Carolina,Nevada,33.15,Completed,PRMKMR
VH00003,7163637,DR00003,81217858965,9/10/2024,New York,North Carolina,35.3,Completed,RVKMRG
VH00018,1514857,DR00018,22145267132,9/12/2024,California,Illinois,22.41,Completed,RVKMRG
VH00004,1855142,DR00004,68867636556,9/6/2024,Florida,California,16.35,Completed,MKSMPK
VH00004,5439182,DR00004,82936987827,9/27/2024,Florida,Ohio,36.21,Completed,LKHISD
VH00019,9616823,DR00019,91185143723,9/19/2024,Texas,Colorado,35,Completed,NEWUSR
VH00019,5243448,DR00019,95555752685,9/7/2024,California,Pennsylvania,34.44,Completed,RVKMRG
VH00015,6637957,DR00015,68384819145,9/2/2024,Texas,New York,27.9,Completed,N/A
VH00020,3597929,DR00020,85271277577,9/23/2024,Florida,Colorado,11.44,Completed,LKHISD
VH00017,4132934,DR00017,61563138242,9/7/2024,Florida,Ohio,38.23,Trip Failed,LKHISD
VH00016,4727346,DR00016,76713226997,9/1/2024,Nevada,North Carolina,17.85,Completed,PRKMNU
VH00006,5741713,DR00006,23937651427,9/15/2024,Virginia,Kansas,22.6,Completed,NEWUSR
VH00008,6642982,DR00008,45554649619,9/26/2024,Utah,Texas,39.74,Completed,N/A
VH00001,2935474,DR00001,42676486617,9/4/2024,New York,Alabama,38.19,Trip Failed,PRMKMR
VH00010,1238274,DR00010,56528239829,9/29/2024,Washington,Nebraska,26.41,Completed,PRMKMR
VH00003,6666583,DR00003,97939172441,9/25/2024,Georgia,Colorado,16.5,Completed,MNUKMR
VH00014,9982982,DR00014,74423736781,9/4/2024,California,Texas,39.95,Completed,NEWUSR
VH00006,6313146,DR00006,58766376791,9/20/2024,Texas,New York,15.3,Completed,LKHISD
VH00004,2358713,DR00004,95325355497,9/26/2024,Pennsylvania,Louisiana,33.9,Trip Failed,RVKMRG
VH00019,3718483,DR00019,54392458458,9/21/2024,California,Texas,35.48,Completed,MNUKMR
VH00019,6492265,DR00019,79233354991,9/19/2024,New York,Virginia,38.05,Completed,NEWUSR
VH00011,2677522,DR00011,36684473479,9/11/2024,Texas,California,14.99,Completed,N/A
VH00007,7744114,DR00007,74981912143,9/24/2024,Virginia,North Carolina,24.45,Completed,PRKMNU
VH00018,7913558,DR00018,73263868319,9/18/2024,Indiana,Florida,32.75,Completed,NEWUSR
VH00012,8972383,DR00012,65887395945,9/21/2024,California,North Carolina,16.07,Completed,PRMKMR
VH00015,3568191,DR00015,67569215996,9/16/2024,Georgia,Alabama,14.47,Completed,MNUKMR
VH00020,5223593,DR00020,61745324185,9/9/2024,Washington,Florida,27.82,Completed,RVKMRG
VH00002,6248567,DR00002,85715593895,9/23/2024,Colorado,Colorado,39.42,Completed,MKSMPK
VH00001,7181648,DR00001,56673856915,9/11/2024,Texas,Michigan,11.9,Completed,N/A
VH00019,8144177,DR00019,89713372785,9/11/2024,California,Michigan,14.83,Completed,N/A
VH00015,4497616,DR00015,22644112792,9/26/2024,Georgia,California,31.2,Completed,LKHISD
VH00012,9967153,DR00012,14476562315,9/2/2024,Rhode Island,Mississippi,12.62,Trip Failed,PRMKMR
VH00012,8916779,DR00012,61566881562,9/16/2024,Iowa,New York,13.17,Completed,NEWUSR
VH00004,1633648,DR00004,47614955164,9/6/2024,New York,Kentucky,37.86,Completed,MKSMPK
VH00015,9846445,DR00015,57341567352,9/2/2024,Florida,Illinois,36.95,Completed,LKHISD
VH00006,2641328,DR00006,36996993534,9/20/2024,California,Indiana,29.45,Completed,PRKMNU
VH00019,8867228,DR00019,42954633449,9/29/2024,Louisiana,Illinois,39.04,Completed,MKSMPK
VH00015,4713197,DR00015,45196553831,9/6/2024,Texas,Massachusetts,35.47,Completed,PRKMNU
VH00006,8657472,DR00006,91382652165,9/18/2024,Virginia,California,29.14,Completed,NEWUSR
VH00020,5968779,DR00020,29623164927,9/26/2024,Tennessee,Montana,24.61,Completed,MKSMPK
VH00020,9818161,DR00020,12126775557,9/10/2024,Ohio,Wisconsin,16.38,Completed,LKHISD
VH00013,4146911,DR00013,32544996753,9/25/2024,Minnesota,Oregon,35.6,Completed,LKHISD
VH00005,3829953,DR00005,99473763114,9/20/2024,Pennsylvania,Ohio,39.94,Trip Failed,MNUKMR
VH00020,9339155,DR00020,77845192666,9/9/2024,New York,Florida,35.93,Completed,RVKMRG
VH00012,6155962,DR00012,75199255484,9/18/2024,Pennsylvania,New York,24.65,Completed,NEWUSR
VH00001,5148279,DR00001,26548366916,9/11/2024,Arizona,Michigan,19.93,Completed,N/A
VH00011,3274216,DR00011,99488573388,9/27/2024,Michigan,New York,20.74,Completed,RVKMRG
VH00016,5631559,DR00016,82466224285,9/10/2024,Tennessee,Washington,11.63,Completed,NEWUSR
VH00020,4667666,DR00020,85463592556,9/13/2024,Arizona,Texas,24.64,Completed,MNUKMR
VH00010,1949788,DR00010,23987392667,9/4/2024,South Dakota,Virginia,13.82,Completed,LKHISD
VH00009,5254514,DR00009,27486262575,9/28/2024,California,New York,31.05,Completed,MKSMPK
VH00007,4329632,DR00007,68935121588,9/5/2024,Texas,Massachusetts,10.47,Completed,MKSMPK
VH00019,1252516,DR00019,73941871299,9/19/2024,Pennsylvania,Texas,15.32,Completed,NEWUSR
VH00013,9127279,DR00013,47588965673,9/6/2024,Arkansas,Nebraska,25.01,Completed,RVKMRG
VH00009,4381712,DR00009,41994728737,9/9/2024,Wisconsin,Texas,39,Completed,RVKMRG
VH00002,5494698,DR00002,58273282273,9/2/2024,Ohio,Texas,33.31,Completed,PRMKMR
VH00018,6699226,DR00018,85398144896,9/25/2024,District of Columbia,Texas,35.86,Completed,MKSMPK
VH00004,3715435,DR00004,61676215295,9/22/2024,Texas,Ohio,10.37,Completed,NEWUSR
VH00017,1849397,DR00017,43633986465,9/9/2024,California,Nebraska,37.23,Completed,N/A
VH00005,4652271,DR00005,17829278633,9/14/2024,Alaska,Texas,12.34,Completed,PRKMNU
VH00012,5595669,DR00012,18958636825,9/25/2024,Ohio,South Carolina,25.85,Completed,MKSMPK
VH00018,9662737,DR00018,19264264787,9/29/2024,Wisconsin,New York,27.53,Completed,LKHISD
VH00004,2188124,DR00004,85781229979,9/17/2024,Ohio,California,11.8,Trip Failed,MKSMPK
VH00007,1198826,DR00007,62782938818,9/17/2024,Florida,Indiana,37.97,Completed,PRMKMR
VH00019,7112596,DR00019,97222962178,9/24/2024,Texas,California,29.58,Completed,PRMKMR
VH00011,7579111,DR00011,18764694429,9/26/2024,Maryland,Texas,18.81,Completed,N/A
VH00012,4151426,DR00012,21525462697,9/10/2024,Iowa,Missouri,18.5,Completed,PRKMNU
VH00020,3156188,DR00020,86414647928,9/12/2024,Minnesota,Washington,25.7,Completed,N/A
VH00003,1478894,DR00003,55978268662,9/9/2024,Florida,Texas,36.81,Completed,PRMKMR
VH00014,3475657,DR00014,45654543825,9/14/2024,West Virginia,Arizona,32.04,Completed,LKHISD
VH00016,5452741,DR00016,74797198769,9/15/2024,Arizona,Florida,19.02,Completed,N/A
VH00018,8543585,DR00018,26411638242,9/3/2024,Wisconsin,Texas,22.08,Completed,NEWUSR
VH00017,6742743,DR00017,44542783289,9/20/2024,Florida,Texas,10.99,Completed,NEWUSR
VH00001,6144468,DR00001,39163318499,9/19/2024,Minnesota,Florida,29.69,Completed,PRKMNU
VH00003,7694317,DR00003,56136652455,9/25/2024,Florida,Florida,34.03,Completed,PRMKMR
VH00020,7912293,DR00020,21218146251,9/5/2024,Texas,Texas,32.48,Completed,N/A
VH00017,4761377,DR00017,44435843214,9/18/2024,Nevada,California,22.29,Completed,PRKMNU
VH00004,3485119,DR00004,84528828472,9/5/2024,Kentucky,Ohio,21.41,Completed,MNUKMR
VH00011,6899966,DR00011,38139832558,9/16/2024,Louisiana,Alabama,14.2,Completed,RVKMRG
VH00014,1475213,DR00014,21796755696,9/8/2024,District of Columbia,California,34.87,Completed,NEWUSR
VH00009,6787229,DR00009,26711595286,9/28/2024,Florida,Florida,25.06,Completed,MKSMPK
VH00009,9429196,DR00009,52564319754,9/22/2024,Florida,Missouri,31.15,Completed,N/A
VH00020,4765461,DR00020,17332129846,9/12/2024,West Virginia,Ohio,14.23,Completed,MKSMPK
VH00011,7135197,DR00011,71397532774,9/29/2024,California,Virginia,16.22,Completed,MKSMPK
VH00009,6332842,DR00009,84486243425,9/27/2024,North Carolina,Texas,33.78,Trip Failed,MKSMPK
VH00004,9552766,DR00004,58784468369,9/9/2024,Texas,West Virginia,35.47,Completed,MKSMPK
VH00013,6732476,DR00013,17487336478,9/29/2024,New York,Virginia,13.89,Completed,MNUKMR
VH00005,5279228,DR00005,65729683941,9/20/2024,Florida,Arkansas,19.63,Completed,MNUKMR
VH00002,4794524,DR00002,28829613635,9/29/2024,Florida,Kentucky,28.6,Completed,MKSMPK
VH00006,5784773,DR00006,42812376357,9/23/2024,Virginia,New York,23.13,Completed,MKSMPK
VH00008,9361367,DR00008,62819452554,9/13/2024,Louisiana,California,26.46,Completed,PRMKMR
VH00005,9341448,DR00005,62734615813,9/22/2024,Virginia,Arkansas,25.61,Completed,MNUKMR
VH00019,8562181,DR00019,17191623482,9/4/2024,Florida,Oregon,10.12,Trip Failed,MNUKMR
VH00002,2473632,DR00002,98866576473,9/21/2024,North Carolina,District of Columbia,12.44,Completed,MKSMPK
VH00017,3153693,DR00017,99284416394,9/21/2024,California,District of Columbia,24.77,Completed,PRMKMR
VH00001,3962467,DR00001,47857392692,9/27/2024,Pennsylvania,Colorado,11.37,Completed,MNUKMR
VH00007,8754471,DR00007,39844333647,9/12/2024,Ohio,Maryland,35.76,Completed,N/A
VH00016,6562432,DR00016,78323118498,9/7/2024,California,New York,18.86,Completed,N/A
VH00002,3896981,DR00002,28771873369,9/27/2024,Florida,Arizona,30.63,Completed,RVKMRG
VH00008,2396622,DR00008,78451627111,9/18/2024,Georgia,Arizona,12.3,Completed,MNUKMR
VH00018,9448291,DR00018,36461985724,9/16/2024,Pennsylvania,Ohio,39.57,Completed,MKSMPK
VH00014,6119392,DR00014,72667822211,9/5/2024,Texas,Wisconsin,15.5,Completed,PRMKMR
VH00017,5891528,DR00017,77562439412,9/20/2024,North Carolina,Indiana,18.86,Completed,NEWUSR
VH00003,8691881,DR00003,72775339261,9/13/2024,Hawaii,District of Columbia,39.14,Completed,RVKMRG
VH00013,6815956,DR00013,33511824678,9/5/2024,Texas,Texas,18.06,Completed,LKHISD
VH00006,9263729,DR00006,47927133895,9/8/2024,Pennsylvania,California,18.85,Trip Failed,MKSMPK
VH00008,4448358,DR00008,68458889783,9/17/2024,Michigan,Illinois,30.46,Completed,MKSMPK
VH00011,3845926,DR00011,72132182917,9/25/2024,Tennessee,Illinois,34.93,Completed,PRMKMR
VH00019,5779785,DR00019,45541567693,9/14/2024,Texas,North Carolina,32.51,Completed,NEWUSR
VH00018,6295198,DR00018,45356818665,9/22/2024,North Carolina,Georgia,38.33,Completed,NEWUSR
VH00003,4798943,DR00003,96923111135,9/23/2024,Connecticut,Massachusetts,20.2,Trip Failed,MNUKMR
VH00011,4132734,DR00011,53397749284,9/7/2024,Colorado,Texas,22.39,Trip Failed,N/A
VH00008,9797937,DR00008,23779358672,9/14/2024,Georgia,Illinois,14.78,Completed,MNUKMR
VH00018,2193595,DR00018,34747548617,9/15/2024,New York,Missouri,35.88,Completed,PRKMNU
VH00003,2115226,DR00003,35791126169,9/12/2024,Washington,New York,18.21,Completed,MKSMPK
VH00001,9822194,DR00001,53747398779,9/4/2024,Illinois,Mississippi,16.12,Completed,PRMKMR
VH00005,9898666,DR00005,69327858969,9/16/2024,California,Texas,14.67,Completed,MNUKMR
VH00011,7142395,DR00011,23396249582,9/19/2024,Ohio,Colorado,18.62,Completed,RVKMRG
VH00018,8946511,DR00018,41942648264,9/26/2024,Tennessee,West Virginia,12.17,Completed,LKHISD
VH00016,9134761,DR00016,72695981295,9/1/2024,Texas,Wisconsin,27.1,Completed,PRMKMR
VH00015,8591162,DR00015,62443581373,9/7/2024,New York,Louisiana,23.34,Completed,NEWUSR
VH00013,4151597,DR00013,94442261148,9/26/2024,Louisiana,Alabama,19.08,Completed,MNUKMR
VH00019,6679886,DR00019,75938614611,9/16/2024,Illinois,Florida,35.88,Completed,N/A
VH00017,1998939,DR00017,26869848665,9/1/2024,New York,Texas,15.3,Completed,PRMKMR
VH00013,9756625,DR00013,44752957764,9/2/2024,Arkansas,California,14.54,Completed,PRKMNU
VH00002,2256532,DR00002,39857641387,9/12/2024,California,Nevada,23.78,Completed,N/A
VH00010,5243488,DR00010,83215485234,9/17/2024,Maryland,Oregon,28.56,Completed,RVKMRG
VH00007,9785565,DR00007,37396639739,9/7/2024,Delaware,Texas,15.6,Completed,LKHISD
VH00019,1866787,DR00019,27372664128,9/26/2024,Nevada,Iowa,36.72,Completed,MKSMPK
VH00020,7736762,DR00020,76748996153,9/10/2024,Florida,Florida,34.37,Completed,PRKMNU
VH00008,1782157,DR00008,68674443964,9/8/2024,Maryland,Missouri,38.64,Completed,LKHISD
VH00001,6767755,DR00001,64183827446,9/22/2024,Florida,Minnesota,35.77,Completed,MNUKMR
VH00015,2461194,DR00015,61858353676,9/20/2024,New York,Arizona,15.89,Trip Failed,RVKMRG
VH00009,6591321,DR00009,49532385419,9/4/2024,District of Columbia,Idaho,18.9,Completed,RVKMRG
VH00020,3515793,DR00020,12216988731,9/4/2024,California,Minnesota,22.99,Completed,NEWUSR
VH00007,3219378,DR00007,21441675571,9/3/2024,Alaska,Minnesota,28.01,Trip Failed,PRMKMR
VH00004,2277943,DR00004,26756168876,9/18/2024,Florida,Washington,35.07,Completed,NEWUSR
VH00012,1211972,DR00012,46852579256,9/8/2024,Ohio,Florida,12.25,Completed,PRMKMR
VH00009,5628969,DR00009,16829933528,9/10/2024,Nevada,Missouri,37.19,Trip Failed,MNUKMR
VH00016,5826951,DR00016,26195981835,9/20/2024,New York,California,34.87,Completed,MNUKMR
VH00018,3726598,DR00018,37927494485,9/21/2024,Washington,Wisconsin,28.43,Completed,PRKMNU
VH00011,7368544,DR00011,15488849459,9/9/2024,Illinois,Nevada,23.15,Completed,PRMKMR
VH00017,5393535,DR00017,78734463441,9/7/2024,Ohio,Indiana,13.7,Completed,RVKMRG
VH00002,4649588,DR00002,69838715981,9/10/2024,Connecticut,California,37.21,Completed,NEWUSR
VH00001,6789646,DR00001,16979117856,9/4/2024,New York,Ohio,15.11,Completed,MNUKMR
VH00008,1567591,DR00008,28959568964,9/1/2024,New Jersey,Oregon,23.74,Completed,MKSMPK
VH00015,9449877,DR00015,52639537778,9/26/2024,Georgia,Missouri,29.72,Completed,NEWUSR
VH00016,6891855,DR00016,44365962372,9/3/2024,Texas,District of Columbia,28.2,Trip Failed,MKSMPK
VH00017,2137512,DR00017,95959346693,9/25/2024,California,Virginia,33.78,Completed,MKSMPK
VH00004,1893582,DR00004,64365158826,9/29/2024,Texas,Maryland,17.15,Completed,LKHISD
VH00014,5666175,DR00014,67922311522,9/6/2024,Georgia,Louisiana,33.75,Completed,LKHISD
VH00010,9449229,DR00010,22823889427,9/10/2024,Georgia,Nevada,19.42,Completed,PRKMNU
VH00016,7674793,DR00016,54915159949,9/23/2024,Georgia,Washington,39.17,Trip Failed,PRKMNU
VH00009,6655315,DR00009,23586197412,9/24/2024,Texas,South Carolina,28.84,Completed,NEWUSR
VH00016,3288254,DR00016,24635634795,9/16/2024,Connecticut,Virginia,13.29,Completed,PRMKMR
VH00004,1879315,DR00004,95117528514,9/11/2024,California,Florida,22.52,Completed,LKHISD
VH00013,8265752,DR00013,38239143681,9/17/2024,Virginia,California,32.86,Completed,NEWUSR
VH00009,7671383,DR00009,72857573554,9/13/2024,Texas,Ohio,17.17,Completed,PRKMNU
VH00008,9187256,DR00008,21519796831,9/10/2024,Connecticut,New York,31.64,Completed,N/A
VH00018,9589261,DR00018,85714513954,9/9/2024,Texas,Texas,33.01,Completed,LKHISD
VH00010,3449537,DR00010,68548761889,9/19/2024,California,Missouri,18.41,Completed,RVKMRG
VH00012,1448473,DR00012,14389437638,9/6/2024,Oklahoma,New York,26.73,Completed,NEWUSR
VH00012,4732429,DR00012,31569525843,9/2/2024,Michigan,Nebraska,27.95,Completed,MKSMPK
VH00001,3538525,DR00001,12186425636,9/12/2024,Maryland,Texas,23.69,Completed,PRMKMR
VH00002,8463211,DR00002,57866551766,9/4/2024,Kentucky,Florida,27.56,Completed,MKSMPK
VH00015,2183267,DR00015,61421639522,9/6/2024,Missouri,New York,21.5,Completed,RVKMRG
VH00003,8263944,DR00003,34196592987,9/12/2024,Alabama,California,27.97,Completed,PRKMNU
VH00016,1173647,DR00016,78751581444,9/19/2024,Tennessee,Kansas,38.94,Completed,PRMKMR
VH00008,1138623,DR00008,51962122569,9/8/2024,North Carolina,Virginia,10.96,Completed,PRKMNU
VH00004,7512998,DR00004,19348895568,9/18/2024,Arizona,Connecticut,23.52,Completed,MKSMPK
VH00005,3796985,DR00005,98744313159,9/2/2024,District of Columbia,California,30.7,Completed,MKSMPK
VH00009,3135663,DR00009,43934884151,9/8/2024,California,Pennsylvania,35.06,Completed,NEWUSR
VH00006,5565212,DR00006,52734748837,9/13/2024,Minnesota,Colorado,27.86,Completed,RVKMRG
VH00018,3816484,DR00018,11611945745,9/6/2024,Kansas,Connecticut,36.86,Completed,LKHISD
VH00005,2238425,DR00005,61173947113,9/10/2024,Alabama,Texas,20.33,Completed,N/A
VH00006,2659353,DR00006,72674421772,9/10/2024,Louisiana,Texas,11.5,Completed,NEWUSR
VH00004,9283251,DR00004,73284737774,9/6/2024,Washington,Louisiana,37.56,Completed,PRKMNU
VH00019,1447146,DR00019,51694379656,9/14/2024,Kentucky,North Carolina,26.49,Completed,MKSMPK
VH00003,6233414,DR00003,16257971297,9/17/2024,Florida,Missouri,23.27,Completed,PRMKMR
VH00016,3751635,DR00016,22386986787,9/15/2024,Illinois,Alabama,17.69,Completed,PRKMNU
VH00018,4135377,DR00018,48188188959,9/27/2024,Virginia,Virginia,24.03,Completed,LKHISD
VH00020,6328823,DR00020,23759983961,9/17/2024,Alabama,Maryland,16.31,Completed,PRKMNU
VH00009,5366125,DR00009,91991941314,9/8/2024,Florida,New Jersey,20.6,Completed,PRKMNU
VH00011,1435882,DR00011,55717511895,9/2/2024,New Jersey,Ohio,25.77,Completed,PRMKMR
VH00004,8146982,DR00004,43831949523,9/4/2024,Minnesota,Colorado,27.91,Completed,PRKMNU
VH00004,3883699,DR00004,93952973314,9/15/2024,Texas,New York,27.75,Completed,NEWUSR
VH00020,3152576,DR00020,24411468794,9/11/2024,Idaho,Virginia,27.48,Completed,N/A
VH00008,4791895,DR00008,93423962934,9/29/2024,New York,Nevada,35.81,Completed,MKSMPK
VH00012,5551648,DR00012,87354934154,9/20/2024,Kentucky,Pennsylvania,22.57,Completed,NEWUSR
VH00018,5815712,DR00018,77952835455,9/8/2024,Texas,Nevada,34.36,Trip Failed,NEWUSR
VH00010,6962495,DR00010,51137846355,9/3/2024,Illinois,Delaware,22.85,Completed,RVKMRG
VH00012,9374657,DR00012,87292537873,9/14/2024,Texas,Nevada,24.1,Completed,LKHISD
VH00004,9138671,DR00004,56326349234,9/24/2024,Louisiana,Texas,18.09,Completed,MNUKMR
VH00006,3899468,DR00006,55934772323,9/29/2024,Florida,Texas,34.3,Completed,PRMKMR
VH00008,6892984,DR00008,84728337194,9/14/2024,Virginia,New Hampshire,14.66,Completed,N/A
VH00006,7855774,DR00006,68815145349,9/11/2024,Indiana,Maryland,35.87,Trip Failed,MKSMPK
VH00012,2684158,DR00012,56135455272,9/14/2024,North Carolina,Florida,37.2,Completed,LKHISD
VH00015,4839348,DR00015,16271376229,9/11/2024,Alabama,California,35.26,Completed,PRKMNU
VH00008,6652531,DR00008,74646746491,9/20/2024,Missouri,New York,36.86,Completed,NEWUSR
VH00008,6356159,DR00008,65277823354,9/14/2024,Florida,Virginia,38.58,Completed,MKSMPK
VH00002,8293517,DR00002,28755954128,9/23/2024,Illinois,California,37.97,Completed,MKSMPK
VH00001,6972918,DR00001,96337233384,9/15/2024,Indiana,Arkansas,29.99,Completed,RVKMRG
VH00017,5798214,DR00017,26989828886,9/12/2024,Washington,North Carolina,18.35,Completed,MKSMPK
VH00010,7212262,DR00010,77469679429,9/24/2024,Tennessee,Texas,39.61,Completed,LKHISD
VH00019,9992711,DR00019,74414588782,9/11/2024,Florida,Texas,10,Completed,N/A
VH00002,7818743,DR00002,14367355581,9/28/2024,Ohio,California,29.14,Trip Failed,RVKMRG
VH00011,3467883,DR00011,62693799566,9/9/2024,North Carolina,Washington,17.81,Completed,LKHISD
VH00001,5227193,DR00001,32234769274,9/24/2024,Arkansas,Tennessee,39.3,Completed,MKSMPK
VH00001,4646538,DR00001,28774155158,9/26/2024,Michigan,Tennessee,27.77,Completed,N/A
VH00007,4166828,DR00007,24241938952,9/24/2024,Arizona,Kansas,30.6,Completed,RVKMRG
VH00017,4743621,DR00017,51348222283,9/20/2024,Washington,District of Columbia,33.82,Completed,MKSMPK
VH00019,2911555,DR00019,18476322645,9/24/2024,New York,Maryland,32.29,Completed,PRKMNU
VH00010,9278799,DR00010,21135846358,9/6/2024,Kansas,Oklahoma,21.39,Completed,N/A
VH00011,8282916,DR00011,27747741676,9/19/2024,Georgia,Hawaii,37.37,Completed,N/A
VH00009,1521365,DR00009,39146827963,9/18/2024,Alabama,New Jersey,15.82,Completed,MNUKMR
VH00011,8199544,DR00011,52916292336,9/4/2024,North Carolina,Virginia,13.14,Completed,N/A
VH00003,6235263,DR00003,94134257779,9/5/2024,Kentucky,Arizona,11.82,Completed,PRKMNU
VH00007,1296695,DR00007,98763413892,9/10/2024,Ohio,Texas,26.97,Completed,LKHISD
VH00004,2845862,DR00004,43122158936,9/18/2024,Maryland,Florida,10.39,Completed,PRKMNU
VH00018,7868677,DR00018,94841147368,9/23/2024,California,Texas,12.88,Completed,LKHISD
VH00005,2777185,DR00005,43991263738,9/25/2024,New York,California,38.95,Completed,MKSMPK
VH00004,5612961,DR00004,73553952849,9/15/2024,California,Florida,31.41,Completed,RVKMRG
VH00012,5155657,DR00012,69816528337,9/29/2024,Ohio,Michigan,14.35,Trip Failed,LKHISD
VH00011,1795432,DR00011,25386354357,9/16/2024,Pennsylvania,Texas,26.53,Completed,NEWUSR
VH00010,4268332,DR00010,11793396652,9/8/2024,North Carolina,New York,35.56,Completed,RVKMRG
VH00007,2284626,DR00007,36298787852,9/15/2024,California,South Carolina,13.32,Completed,PRMKMR
VH00001,7334287,DR00001,44992893231,9/26/2024,Arizona,Mississippi,15.4,Trip Failed,N/A
VH00019,5933579,DR00019,57882485571,9/11/2024,Texas,Kansas,31.28,Trip Failed,LKHISD
VH00016,2868485,DR00016,47993792833,9/23/2024,California,Texas,16.21,Completed,N/A
VH00017,3595772,DR00017,74835672991,9/24/2024,Alabama,California,13.71,Completed,NEWUSR
VH00009,9269286,DR00009,54629359375,9/16/2024,District of Columbia,Utah,14.79,Completed,RVKMRG
VH00020,1794736,DR00020,23657619421,9/28/2024,California,New York,38.12,Completed,LKHISD
VH00017,7987733,DR00017,47495782551,9/10/2024,Colorado,Kentucky,25.53,Completed,MNUKMR
VH00011,8116755,DR00011,53781311378,9/6/2024,Colorado,Idaho,25.14,Completed,LKHISD
VH00017,6241888,DR00017,43568175189,9/21/2024,California,Texas,19.05,Completed,MKSMPK
VH00001,4661714,DR00001,71448757479,9/23/2024,Texas,Texas,11.55,Completed,MKSMPK
VH00008,5538519,DR00008,49182171246,9/19/2024,Texas,Minnesota,33.2,Completed,MNUKMR
VH00007,4516568,DR00007,76838167453,9/3/2024,Texas,Florida,29.36,Completed,PRMKMR
VH00002,6338424,DR00002,21936217471,9/16/2024,Wisconsin,Massachusetts,30.49,Completed,PRKMNU
VH00005,3632655,DR00005,28226322762,9/9/2024,New York,Oregon,32.23,Trip Failed,NEWUSR
VH00013,8315232,DR00013,86473958594,9/7/2024,Nevada,Georgia,16.91,Completed,MNUKMR
VH00005,1955529,DR00005,57841633319,9/17/2024,Texas,District of Columbia,22.09,Completed,RVKMRG
VH00017,8313217,DR00017,48674544717,9/2/2024,Washington,Texas,15.41,Completed,MKSMPK
VH00002,4569291,DR00002,48731517457,9/20/2024,Florida,Indiana,37.91,Completed,RVKMRG
VH00016,9149923,DR00016,31427678744,9/20/2024,Texas,Texas,11.97,Completed,N/A
VH00016,9741631,DR00016,77271393191,9/14/2024,Colorado,Kansas,28.09,Completed,N/A
VH00001,5421949,DR00001,18945375374,9/1/2024,District of Columbia,Iowa,10.1,Trip Failed,MKSMPK
VH00013,6567971,DR00013,45683784267,9/24/2024,Massachusetts,Texas,24.86,Completed,PRMKMR
VH00012,4986472,DR00012,33814342895,9/11/2024,Colorado,Washington,35.95,Completed,MNUKMR
VH00007,7938877,DR00007,86319156158,9/27/2024,Utah,Texas,18.72,Completed,N/A
VH00007,6955864,DR00007,61185232494,9/26/2024,New York,New York,31.7,Completed,LKHISD
VH00003,2343355,DR00003,62115787493,9/5/2024,Texas,Florida,13.9,Completed,PRMKMR
VH00014,6439436,DR00014,36458352646,9/13/2024,District of Columbia,Wisconsin,17.56,Completed,N/A
VH00002,7123629,DR00002,74181338145,9/26/2024,Ohio,Texas,27.8,Completed,PRMKMR
VH00015,5422985,DR00015,18318449771,9/5/2024,Florida,Ohio,33.37,Completed,RVKMRG
VH00020,3399271,DR00020,32499354416,9/22/2024,Ohio,Minnesota,36.3,Completed,PRMKMR
VH00006,7787973,DR00006,44423194394,9/29/2024,Massachusetts,Tennessee,13.49,Completed,RVKMRG
VH00010,2632864,DR00010,32296292299,9/3/2024,New York,Tennessee,21.85,Completed,PRMKMR
VH00009,1173496,DR00009,82594449478,9/24/2024,Minnesota,California,20.04,Trip Failed,RVKMRG
VH00011,2315991,DR00011,92664128434,9/11/2024,California,Alabama,13.4,Trip Failed,NEWUSR
VH00013,9961344,DR00013,69183691554,9/21/2024,Kentucky,District of Columbia,23.14,Completed,MKSMPK
VH00019,3532467,DR00019,61523749389,9/4/2024,Florida,Texas,26.76,Trip Failed,PRKMNU
VH00011,4726324,DR00011,25875152927,9/20/2024,New Mexico,Alabama,24.69,Completed,MNUKMR
VH00008,6458282,DR00008,53421394813,9/18/2024,Washington,Kentucky,25.86,Completed,RVKMRG
VH00016,4515219,DR00016,54295538855,9/21/2024,Virginia,Wisconsin,34.59,Completed,PRMKMR
VH00004,6355946,DR00004,31943181187,9/23/2024,North Carolina,District of Columbia,30.36,Completed,PRKMNU
VH00005,9265366,DR00005,25453175634,9/5/2024,Alaska,Kentucky,29.72,Completed,PRKMNU
VH00012,2133955,DR00012,48536578514,9/23/2024,Florida,Colorado,17.81,Completed,MNUKMR
VH00012,8337159,DR00012,86754299592,9/19/2024,Illinois,Louisiana,17.23,Completed,NEWUSR
VH00020,9715156,DR00020,24395167242,9/5/2024,Kentucky,New York,39.53,Completed,RVKMRG
VH00014,1764337,DR00014,44675161114,9/5/2024,Oregon,West Virginia,23.66,Completed,RVKMRG
VH00018,2174816,DR00018,53121498796,9/9/2024,Texas,Massachusetts,12.6,Completed,N/A
VH00010,6383523,DR00010,29511381354,9/28/2024,Virginia,Virginia,31.2,Completed,PRMKMR
VH00014,9924675,DR00014,77147911335,9/21/2024,Florida,California,14.67,Completed,MNUKMR
VH00018,9755833,DR00018,73928864191,9/1/2024,California,Washington,10.29,Completed,N/A
VH00001,8478587,DR00001,45556653632,9/10/2024,Alabama,District of Columbia,22.07,Completed,NEWUSR
VH00014,1647371,DR00014,25828246795,9/24/2024,Vermont,Washington,12.23,Completed,PRMKMR
VH00019,1514554,DR00019,56526475998,9/23/2024,Florida,Texas,38.18,Completed,N/A
VH00004,1267636,DR00004,96539787482,9/1/2024,Texas,Virginia,36.6,Completed,MKSMPK
VH00006,3889279,DR00006,17511662126,9/28/2024,Nebraska,Florida,13.05,Completed,N/A
VH00015,6893944,DR00015,62195665297,9/22/2024,New York,Texas,15.61,Completed,PRKMNU
VH00005,1241297,DR00005,21336251749,9/9/2024,West Virginia,California,34.26,Completed,RVKMRG
VH00020,4742133,DR00020,43948449263,9/17/2024,Florida,Kansas,39.98,Completed,RVKMRG
VH00016,9944446,DR00016,95612726855,9/24/2024,Florida,Connecticut,26.43,Completed,N/A
VH00004,6353241,DR00004,47948224597,9/13/2024,Florida,Texas,33.75,Completed,MKSMPK
VH00017,5955695,DR00017,85214218452,9/2/2024,Alabama,Tennessee,31.34,Completed,N/A
VH00017,7534929,DR00017,21639214996,9/15/2024,Florida,Massachusetts,37.06,Completed,MKSMPK
VH00007,6125725,DR00007,72377881987,9/8/2024,Oklahoma,California,22.32,Completed,NEWUSR
VH00009,5353975,DR00009,22153454539,9/16/2024,Idaho,Michigan,11.81,Completed,N/A
VH00007,4247953,DR00007,87935381298,9/11/2024,New York,Massachusetts,34.62,Completed,MNUKMR
VH00008,7572265,DR00008,82846463248,9/6/2024,Florida,Washington,14.84,Trip Failed,MKSMPK
VH00007,3151955,DR00007,39148138817,9/12/2024,New York,California,36.61,Completed,MKSMPK
VH00018,1624236,DR00018,24737271195,9/25/2024,California,Massachusetts,13.05,Trip Failed,MKSMPK
VH00003,6182327,DR00003,29339816669,9/25/2024,North Carolina,Florida,13.24,Completed,PRMKMR
VH00004,2679476,DR00004,93151163727,9/28/2024,Pennsylvania,Florida,20.82,Trip Failed,MKSMPK
VH00003,2468638,DR00003,54249965266,9/16/2024,District of Columbia,Florida,16.92,Completed,N/A
VH00014,9527395,DR00014,89433392367,9/6/2024,New York,Alabama,36.93,Completed,MKSMPK
VH00012,9211427,DR00012,15343485423,9/21/2024,Ohio,Ohio,28.16,Completed,MKSMPK
VH00003,8936243,DR00003,21639621349,9/28/2024,Texas,Connecticut,37.78,Completed,PRMKMR
VH00014,6896541,DR00014,98577782363,9/14/2024,California,South Carolina,10.39,Completed,PRMKMR
VH00018,6715461,DR00018,61447863482,9/4/2024,District of Columbia,District of Columbia,16.78,Completed,MKSMPK
VH00016,9895639,DR00016,57419317458,9/9/2024,California,Colorado,22.31,Completed,PRKMNU
VH00009,1471631,DR00009,52477664645,9/3/2024,Ohio,Texas,20.62,Trip Failed,RVKMRG
VH00012,7758381,DR00012,59442222386,9/10/2024,Louisiana,California,35.07,Completed,MNUKMR
VH00006,1273238,DR00006,83271689674,9/17/2024,Arizona,Georgia,20.06,Completed,LKHISD
VH00009,8125127,DR00009,92933149298,9/26/2024,Pennsylvania,Texas,36.02,Completed,MNUKMR
VH00013,1438541,DR00013,51834588954,9/19/2024,South Carolina,Washington,34.16,Completed,N/A
VH00016,5134539,DR00016,54647363596,9/15/2024,New Mexico,Missouri,31.32,Trip Failed,RVKMRG
VH00001,3471941,DR00001,41351416883,9/27/2024,Alabama,Michigan,24.98,Completed,NEWUSR
VH00012,1883193,DR00012,56452689675,9/25/2024,North Carolina,Florida,10.11,Completed,LKHISD
VH00009,8497678,DR00009,57723399233,9/23/2024,Alabama,Missouri,32.7,Completed,LKHISD
VH00003,4436296,DR00003,47769871556,9/8/2024,Louisiana,District of Columbia,38.27,Completed,LKHISD
VH00015,4531442,DR00015,34943848372,9/18/2024,West Virginia,California,37.22,Completed,MNUKMR
VH00020,5835342,DR00020,48635347718,9/21/2024,Florida,Arkansas,39.99,Completed,PRKMNU
VH00008,1498678,DR00008,62752872194,9/14/2024,Tennessee,California,31.77,Completed,RVKMRG
VH00002,4139632,DR00002,56356129669,9/25/2024,Florida,Indiana,39.6,Completed,N/A
VH00007,7365395,DR00007,19636648961,9/3/2024,New York,Arizona,23.85,Completed,MKSMPK
VH00006,2667316,DR00006,64497727245,9/10/2024,Texas,Texas,16.35,Completed,MKSMPK
VH00010,8618758,DR00010,51526828752,9/1/2024,California,Texas,21.14,Completed,N/A
VH00005,3872494,DR00005,26773241799,9/17/2024,Texas,Idaho,39.5,Completed,MKSMPK
VH00019,4327371,DR00019,84937798859,9/29/2024,District of Columbia,Florida,11.7,Completed,RVKMRG
VH00014,7268114,DR00014,84177912577,9/23/2024,Virginia,California,39.15,Completed,PRKMNU
VH00007,6411396,DR00007,29654823372,9/26/2024,Florida,New York,25.29,Completed,N/A
VH00017,3373251,DR00017,75877592658,9/5/2024,Georgia,Michigan,14.53,Completed,NEWUSR
VH00020,7684759,DR00020,71649832166,9/17/2024,Arizona,Tennessee,39.09,Completed,PRKMNU
VH00003,9946333,DR00003,12571462525,9/6/2024,New York,Florida,32.04,Completed,N/A
VH00004,5764388,DR00004,15986633918,9/21/2024,Arizona,Arizona,11.45,Trip Failed,N/A
VH00010,9487484,DR00010,36352592231,9/10/2024,California,Minnesota,21.1,Completed,MKSMPK
VH00017,4482242,DR00017,92657992322,9/28/2024,Vermont,Virginia,18.99,Completed,MNUKMR
VH00005,9964366,DR00005,32757983346,9/5/2024,California,Massachusetts,39.79,Completed,PRMKMR
VH00005,3921824,DR00005,54877749884,9/1/2024,Florida,Arizona,26.27,Completed,PRMKMR
VH00007,4228429,DR00007,35491362647,9/5/2024,Colorado,Minnesota,14.34,Completed,LKHISD
VH00004,6847163,DR00004,13744413183,9/16/2024,Oklahoma,Texas,34.61,Completed,MNUKMR
VH00002,6436178,DR00002,81699953212,9/26/2024,North Carolina,Connecticut,10.52,Completed,NEWUSR
VH00006,5424524,DR00006,49664679728,9/17/2024,District of Columbia,New York,37.75,Completed,LKHISD
VH00009,9643252,DR00009,96933646589,9/27/2024,Virginia,Oregon,28.83,Completed,N/A
VH00012,4588115,DR00012,37888786184,9/5/2024,Georgia,New York,31.67,Trip Failed,PRMKMR
VH00004,3465485,DR00004,38647929499,9/27/2024,Louisiana,California,36.28,Trip Failed,MKSMPK
VH00010,1489378,DR00010,32839763352,9/4/2024,Florida,New York,28.72,Completed,PRMKMR
VH00013,4536978,DR00013,97477837991,9/19/2024,District of Columbia,Georgia,10.04,Completed,MKSMPK
VH00006,8691782,DR00006,19133684828,9/24/2024,District of Columbia,California,24.05,Completed,N/A
VH00011,8716626,DR00011,65868858829,9/2/2024,Pennsylvania,Ohio,18.85,Completed,NEWUSR
VH00006,4889872,DR00006,13531198488,9/19/2024,Washington,Nebraska,24.2,Completed,PRKMNU
VH00016,8283419,DR00016,72211169725,9/25/2024,Illinois,Utah,18.14,Completed,N/A
VH00004,4623256,DR00004,85718773382,9/13/2024,New York,Virginia,39.2,Completed,NEWUSR
VH00007,7666642,DR00007,68249554683,9/8/2024,Ohio,Arizona,11.48,Trip Failed,NEWUSR
VH00010,1745995,DR00010,94224244285,9/3/2024,New York,Florida,36.78,Completed,RVKMRG
VH00010,6687811,DR00010,86378735137,9/17/2024,Missouri,District of Columbia,14.9,Completed,PRMKMR
VH00013,8458951,DR00013,99757635357,9/8/2024,New York,Missouri,38.29,Completed,MNUKMR
VH00014,7572128,DR00014,23676456764,9/14/2024,Nevada,Pennsylvania,31.12,Completed,N/A
VH00013,7888715,DR00013,63246969761,9/21/2024,Florida,District of Columbia,31.17,Trip Failed,RVKMRG
VH00020,1683498,DR00020,85585953578,9/5/2024,Virginia,Utah,11.33,Trip Failed,MKSMPK
VH00007,4668995,DR00007,57359455293,9/3/2024,Minnesota,Iowa,25.47,Completed,PRMKMR
VH00002,5691237,DR00002,94552649933,9/25/2024,Georgia,Iowa,13.57,Completed,LKHISD
VH00014,1191887,DR00014,72114879227,9/3/2024,Minnesota,South Carolina,20.65,Completed,RVKMRG
VH00008,4218461,DR00008,12955837474,9/27/2024,North Carolina,New York,18.99,Completed,MNUKMR
VH00003,1876145,DR00003,13375833746,9/18/2024,Ohio,Texas,33.61,Completed,LKHISD
VH00020,4665972,DR00020,71775462757,9/11/2024,New York,Washington,10.98,Completed,PRKMNU
VH00011,9597614,DR00011,48541935694,9/13/2024,California,Kansas,29.69,Completed,MNUKMR
VH00003,9731726,DR00003,19445861577,9/8/2024,Florida,Florida,28.02,Completed,LKHISD
VH00020,2832394,DR00020,18668725222,9/6/2024,North Dakota,Tennessee,18.02,Trip Failed,NEWUSR
VH00017,6152777,DR00017,71542446137,9/16/2024,Arizona,Texas,32.52,Completed,NEWUSR
VH00015,8156919,DR00015,52813174445,9/10/2024,Texas,Arizona,16.29,Completed,RVKMRG
VH00009,9485143,DR00009,44422264524,9/20/2024,Alabama,Oregon,16.89,Completed,LKHISD
VH00014,1468889,DR00014,53734257146,9/24/2024,New Mexico,Ohio,15.75,Completed,PRKMNU
VH00018,4441782,DR00018,56446792611,9/27/2024,North Carolina,Arizona,23.47,Completed,PRMKMR
VH00011,8963238,DR00011,24644998165,9/17/2024,North Carolina,Washington,22.47,Completed,MKSMPK
VH00002,4664732,DR00002,25357967786,9/3/2024,Virginia,Indiana,35.32,Completed,MKSMPK
VH00016,1553399,DR00016,65535273685,9/5/2024,California,Georgia,33.42,Completed,PRMKMR
VH00008,4668448,DR00008,65618333514,9/17/2024,Ohio,Ohio,32.5,Completed,LKHISD
VH00010,8786136,DR00010,46265694211,9/18/2024,Washington,Texas,11.82,Completed,RVKMRG
VH00002,2625945,DR00002,82955865437,9/8/2024,Louisiana,Maryland,37.45,Completed,PRKMNU
VH00019,4933148,DR00019,56947629868,9/16/2024,California,Arizona,12.7,Completed,N/A
VH00004,9385844,DR00004,52421735674,9/29/2024,Iowa,Ohio,11.46,Trip Failed,NEWUSR
VH00002,9289427,DR00002,35693559555,9/26/2024,Louisiana,Pennsylvania,17.07,Completed,LKHISD
VH00020,6962545,DR00020,93269369879,9/11/2024,Missouri,California,23.02,Completed,PRMKMR
VH00001,2731418,DR00001,72138436923,9/19/2024,Mississippi,Florida,32.96,Completed,MNUKMR
VH00017,8419244,DR00017,75954692935,9/1/2024,Kentucky,Illinois,38,Completed,NEWUSR
VH00017,4475641,DR00017,11787282658,9/12/2024,Virginia,Alabama,34.65,Completed,MNUKMR
VH00020,9253134,DR00020,22593657628,9/22/2024,West Virginia,Connecticut,15.28,Completed,N/A
VH00006,9253456,DR00006,22599494497,9/24/2024,Oklahoma,Alabama,23.5,Completed,PRKMNU
VH00017,2677346,DR00017,42857592127,9/28/2024,Texas,Virginia,38.57,Completed,N/A
VH00004,8571453,DR00004,51333734112,9/24/2024,Florida,Colorado,33.85,Completed,PRKMNU
VH00019,3993712,DR00019,39918977122,9/28/2024,Texas,Texas,25.69,Completed,LKHISD
VH00007,2531272,DR00007,95123353666,9/12/2024,California,Massachusetts,15.97,Completed,MNUKMR
VH00002,1597677,DR00002,83724693571,9/5/2024,District of Columbia,Delaware,24.08,Completed,RVKMRG
VH00003,4757483,DR00003,57512192538,9/6/2024,North Carolina,Texas,16.39,Trip Failed,LKHISD
VH00008,1686724,DR00008,37143848632,9/11/2024,Florida,Florida,17.49,Completed,PRKMNU
VH00017,8564771,DR00017,93198922961,9/17/2024,Minnesota,District of Columbia,18.62,Completed,PRMKMR
VH00003,7893954,DR00003,93468333233,9/11/2024,District of Columbia,Texas,20.63,Completed,RVKMRG
VH00018,4816347,DR00018,99281686988,9/22/2024,New Mexico,Arizona,10.36,Completed,PRMKMR
VH00012,9811493,DR00012,95551855989,9/26/2024,New York,Florida,25.9,Completed,PRKMNU
VH00014,9474684,DR00014,37729426532,9/16/2024,California,Virginia,30.9,Completed,LKHISD
VH00011,6696841,DR00011,73424598222,9/28/2024,Mississippi,Washington,12.77,Completed,LKHISD
VH00004,9126297,DR00004,16235919776,9/21/2024,California,Louisiana,14.03,Trip Failed,MKSMPK
VH00006,4484266,DR00006,92997376776,9/16/2024,North Dakota,Nevada,39.76,Completed,NEWUSR
VH00020,5771398,DR00020,81368617741,9/28/2024,Colorado,California,16.32,Completed,N/A
VH00006,4633673,DR00006,53118965499,9/25/2024,Florida,Oklahoma,37.91,Completed,MNUKMR
VH00010,3258663,DR00010,96435837838,9/2/2024,Washington,Texas,27.45,Completed,PRKMNU
VH00019,3116717,DR00019,25452649571,9/21/2024,Kentucky,Florida,36.93,Completed,MNUKMR
VH00014,2367311,DR00014,16194868196,9/1/2024,California,Texas,18.63,Completed,LKHISD
VH00018,4433439,DR00018,73372699619,9/16/2024,Michigan,New York,18.36,Completed,RVKMRG
VH00002,3961523,DR00002,73689429676,9/14/2024,Connecticut,Kansas,30.46,Completed,RVKMRG
VH00003,9162414,DR00003,69172594635,9/14/2024,Missouri,Nebraska,34.67,Completed,N/A
VH00014,3276626,DR00014,92452682236,9/7/2024,Georgia,Texas,39.92,Completed,RVKMRG
VH00008,5428295,DR00008,98349321983,9/22/2024,Texas,Ohio,10.08,Completed,RVKMRG
VH00004,4122781,DR00004,27635955968,9/6/2024,Delaware,Oregon,33.3,Completed,MKSMPK
VH00001,4212319,DR00001,15658146474,9/26/2024,Oklahoma,Ohio,24.15,Completed,RVKMRG
VH00003,4945996,DR00003,39574558483,9/25/2024,Arizona,Minnesota,24.05,Completed,MKSMPK
VH00013,4284528,DR00013,44494366782,9/29/2024,Florida,North Carolina,32.03,Completed,PRKMNU
VH00007,8924635,DR00007,69989361297,9/5/2024,Florida,Texas,37.24,Completed,MKSMPK
VH00014,7257125,DR00014,55378621219,9/29/2024,California,Virginia,23.72,Completed,PRKMNU
VH00012,8314968,DR00012,33366146884,9/29/2024,Illinois,North Carolina,11.91,Completed,MNUKMR
VH00005,2948198,DR00005,51257682512,9/24/2024,Ohio,Alabama,35.47,Completed,N/A
VH00020,2484572,DR00020,21348162276,9/20/2024,California,Massachusetts,16.29,Completed,LKHISD
VH00015,9956139,DR00015,17794884874,9/26/2024,California,New York,34.3,Completed,PRKMNU
VH00016,6642119,DR00016,36597242685,9/10/2024,Colorado,California,32.82,Completed,LKHISD
VH00017,4685429,DR00017,73489957687,9/28/2024,Virginia,District of Columbia,30.72,Trip Failed,MKSMPK
VH00011,5214924,DR00011,11194491297,9/2/2024,Texas,Texas,14.23,Trip Failed,RVKMRG
VH00019,9338212,DR00019,35922585281,9/18/2024,Georgia,Florida,14.81,Completed,NEWUSR
VH00020,2768527,DR00020,81273213334,9/13/2024,North Carolina,Ohio,29.29,Completed,PRKMNU
VH00008,8714378,DR00008,75482949237,9/27/2024,Texas,North Carolina,25.75,Completed,LKHISD
VH00010,4515894,DR00010,13335487555,9/25/2024,North Carolina,Pennsylvania,25.96,Completed,LKHISD
VH00015,7286513,DR00015,81634653181,9/28/2024,California,Texas,20.68,Completed,RVKMRG
VH00003,3731135,DR00003,84793988567,9/12/2024,New York,Georgia,19.77,Trip Failed,PRKMNU
VH00011,3884478,DR00011,84734942232,9/5/2024,District of Columbia,Pennsylvania,20.4,Completed,N/A
VH00009,8714883,DR00009,94859934878,9/27/2024,Arizona,Georgia,23.53,Completed,PRMKMR
VH00016,1296133,DR00016,56619126561,9/25/2024,Oregon,California,16.88,Completed,NEWUSR
VH00003,9374698,DR00003,23649614887,9/24/2024,District of Columbia,Colorado,34.04,Completed,RVKMRG
VH00013,9954519,DR00013,64919666245,9/6/2024,Indiana,Alabama,24.23,Completed,MKSMPK
VH00013,6645826,DR00013,11218533521,9/23/2024,Texas,California,34.69,Completed,PRKMNU
VH00001,2121971,DR00001,96992961119,9/7/2024,Indiana,California,28.11,Completed,NEWUSR
VH00008,7386877,DR00008,93384673529,9/28/2024,Ohio,Iowa,32.7,Completed,PRKMNU
VH00013,4389985,DR00013,63319291183,9/1/2024,Massachusetts,North Carolina,35.15,Completed,N/A
VH00007,4963442,DR00007,83213811114,9/16/2024,New York,California,10.95,Completed,PRMKMR
VH00017,7686564,DR00017,85983631521,9/6/2024,Florida,Florida,35.51,Completed,MKSMPK
VH00017,5721452,DR00017,11147294923,9/23/2024,New Jersey,Nevada,16.34,Completed,PRKMNU
VH00002,7539437,DR00002,64234367844,9/14/2024,Missouri,California,29.81,Completed,LKHISD
VH00011,4524266,DR00011,89558785221,9/6/2024,Florida,California,22.77,Completed,MNUKMR
VH00014,4622843,DR00014,38525966321,9/2/2024,Virginia,California,18.59,Completed,MKSMPK
VH00015,8338493,DR00015,15645522833,9/24/2024,California,Nebraska,21.32,Completed,RVKMRG
VH00011,9982877,DR00011,82367827389,9/7/2024,New York,New York,10.38,Completed,N/A
VH00014,1371929,DR00014,74818777597,9/16/2024,Missouri,Oklahoma,38.16,Completed,MKSMPK
VH00018,8616127,DR00018,36237447886,9/23/2024,New Jersey,California,34.03,Completed,RVKMRG
VH00019,9754933,DR00019,51734389154,9/16/2024,Colorado,Florida,22.21,Completed,N/A
VH00018,7663972,DR00018,99689851363,9/2/2024,South Carolina,Nevada,19.42,Completed,N/A
VH00007,4471375,DR00007,57871728714,9/24/2024,New York,New York,38.31,Completed,MKSMPK
VH00019,4857913,DR00019,52871926147,9/28/2024,New York,Texas,39.93,Completed,MNUKMR
VH00018,7689414,DR00018,97313947296,9/26/2024,Connecticut,Texas,11.62,Completed,NEWUSR
VH00005,4746339,DR00005,25519813233,9/12/2024,Colorado,Alabama,30.37,Completed,LKHISD
VH00015,4261683,DR00015,78748921228,9/23/2024,Missouri,Arizona,14.46,Completed,RVKMRG
VH00007,4262813,DR00007,77778112455,9/16/2024,Ohio,Connecticut,11.85,Completed,PRMKMR
VH00010,3721173,DR00010,61246711547,9/12/2024,California,Illinois,39.47,Completed,MKSMPK
VH00007,7413632,DR00007,27141689459,9/5/2024,District of Columbia,Alabama,37.18,Completed,LKHISD
VH00019,4886894,DR00019,51356979613,9/4/2024,Wisconsin,Connecticut,24.34,Completed,PRMKMR
VH00005,8874648,DR00005,43895395395,9/21/2024,California,Delaware,10.97,Completed,MKSMPK
VH00002,4962565,DR00002,76272499911,9/6/2024,Pennsylvania,Virginia,31.76,Completed,LKHISD
VH00016,1882375,DR00016,95364635561,9/18/2024,Florida,Florida,37.65,Trip Failed,NEWUSR
VH00018,3893919,DR00018,32776599314,9/2/2024,Iowa,California,20.19,Completed,NEWUSR
VH00018,5648445,DR00018,92326181123,9/23/2024,Ohio,Nevada,22.56,Completed,MNUKMR
VH00004,7553941,DR00004,82162537795,9/19/2024,District of Columbia,Colorado,33.87,Completed,MKSMPK
VH00006,7616197,DR00006,51774457944,9/19/2024,Illinois,West Virginia,28.45,Completed,NEWUSR
VH00019,7882882,DR00019,11612892175,9/7/2024,Wyoming,Ohio,27.49,Completed,RVKMRG
VH00003,5468655,DR00003,67812157152,9/24/2024,Indiana,Louisiana,26.59,Completed,PRMKMR
VH00013,9694326,DR00013,23555652987,9/24/2024,Pennsylvania,California,16.09,Completed,PRKMNU
VH00006,2919919,DR00006,67485816524,9/20/2024,Ohio,New York,31.82,Completed,N/A
VH00006,5855723,DR00006,78252137344,9/2/2024,Kentucky,Nevada,28.1,Completed,LKHISD
VH00007,9624781,DR00007,73683642694,9/21/2024,California,California,33.91,Completed,LKHISD
VH00004,8587425,DR00004,38726167917,9/6/2024,Utah,North Carolina,36.83,Completed,LKHISD
VH00013,2936361,DR00013,46982798313,9/4/2024,District of Columbia,Texas,27.78,Completed,PRKMNU
VH00013,3184689,DR00013,13298399928,9/15/2024,New York,Florida,32.41,Completed,NEWUSR
VH00018,9747159,DR00018,81592672317,9/28/2024,California,District of Columbia,20,Completed,PRKMNU
VH00010,1323736,DR00010,75742458835,9/14/2024,Arizona,Pennsylvania,27.42,Completed,PRMKMR
VH00005,2669278,DR00005,83734892129,9/10/2024,New York,New York,30.84,Completed,MNUKMR
VH00016,1997759,DR00016,69956323413,9/5/2024,Arkansas,Texas,18.36,Completed,PRKMNU
VH00009,9227989,DR00009,94958887528,9/19/2024,Texas,Washington,31.91,Completed,RVKMRG
VH00019,3359328,DR00019,67182569924,9/21/2024,West Virginia,Georgia,37.01,Completed,NEWUSR
VH00016,5837162,DR00016,45742145834,9/18/2024,District of Columbia,California,36.78,Completed,MKSMPK
VH00020,9558363,DR00020,37877141238,9/17/2024,Tennessee,Texas,24.32,Completed,PRKMNU
VH00001,5115714,DR00001,87592851158,9/28/2024,Texas,California,27.74,Completed,MKSMPK
VH00019,4466666,DR00019,12264114821,9/2/2024,Iowa,Florida,23.68,Completed,MKSMPK
VH00018,6458278,DR00018,12229952531,9/24/2024,Florida,Ohio,29.74,Completed,MKSMPK
VH00012,2973776,DR00012,32228827394,9/18/2024,Minnesota,Texas,18.36,Completed,PRMKMR
VH00011,3661971,DR00011,22935514125,9/13/2024,District of Columbia,Kansas,28.66,Completed,PRKMNU
VH00019,2811626,DR00019,31258416541,9/2/2024,Pennsylvania,New York,17.4,Completed,PRMKMR
VH00011,2111657,DR00011,95194736415,9/23/2024,Texas,Colorado,36.83,Completed,MKSMPK
VH00007,1167365,DR00007,98871943293,9/12/2024,Florida,Tennessee,12.94,Completed,PRMKMR
VH00004,7824838,DR00004,37439851915,9/27/2024,Illinois,Texas,10.59,Completed,LKHISD
VH00018,8744363,DR00018,81342674838,9/17/2024,North Carolina,Georgia,22.04,Completed,LKHISD
VH00009,5583712,DR00009,82228398743,9/25/2024,Florida,Connecticut,38.41,Trip Failed,PRKMNU
VH00020,3948217,DR00020,28674686819,9/19/2024,New York,Nevada,28.85,Completed,MNUKMR
VH00005,8998762,DR00005,57952166717,9/2/2024,Texas,South Dakota,25.22,Trip Failed,LKHISD
VH00002,6522831,DR00002,87966656136,9/22/2024,New York,Louisiana,11.45,Completed,LKHISD
VH00002,9659498,DR00002,79115525786,9/7/2024,District of Columbia,Virginia,36.25,Completed,N/A
VH00001,3752654,DR00001,26588629336,9/22/2024,Missouri,Alabama,34.17,Completed,RVKMRG
VH00016,9651784,DR00016,32399188329,9/7/2024,North Carolina,Montana,37.99,Completed,NEWUSR
VH00019,2985913,DR00019,63779325853,9/23/2024,Florida,Wyoming,16.9,Completed,MKSMPK
VH00001,4281623,DR00001,58497939513,9/5/2024,Florida,Florida,18.58,Completed,N/A
VH00013,2151246,DR00013,99386339911,9/26/2024,California,Missouri,21.83,Completed,MKSMPK
VH00018,6958576,DR00018,27591442898,9/10/2024,Florida,California,38.37,Completed,MNUKMR
VH00005,3956157,DR00005,86679679994,9/22/2024,New Mexico,Florida,22.16,Completed,MKSMPK
VH00004,9634797,DR00004,18573525916,9/17/2024,Texas,Florida,37.47,Completed,PRKMNU
VH00020,7448328,DR00020,13139362287,9/13/2024,West Virginia,California,30.75,Completed,N/A
VH00018,4863975,DR00018,83288724637,9/2/2024,Idaho,Utah,24.8,Completed,PRKMNU
VH00009,1788779,DR00009,18277393459,9/5/2024,Alabama,District of Columbia,15.71,Completed,PRKMNU
VH00015,4981839,DR00015,63533497796,9/7/2024,California,Florida,17.26,Completed,NEWUSR
VH00005,6656913,DR00005,19491633925,9/8/2024,Indiana,Arizona,25.28,Completed,RVKMRG
VH00006,9683487,DR00006,26962479918,9/8/2024,North Carolina,South Carolina,30.54,Completed,PRMKMR
VH00011,3222595,DR00011,85431674533,9/23/2024,California,Arkansas,34.22,Completed,NEWUSR
VH00018,4189925,DR00018,83657957843,9/23/2024,Kansas,South Carolina,27.03,Completed,NEWUSR
VH00015,1494691,DR00015,31996972189,9/23/2024,Indiana,Utah,28.04,Completed,LKHISD
VH00005,8842468,DR00005,43922557841,9/13/2024,Kansas,Ohio,16.97,Completed,PRMKMR
VH00012,5117438,DR00012,54669445345,9/29/2024,Kentucky,California,26.53,Completed,RVKMRG
VH00002,1679828,DR00002,27932627859,9/11/2024,Iowa,California,10.14,Trip Failed,PRKMNU
VH00010,5212827,DR00010,27834811126,9/15/2024,Florida,Utah,13.96,Completed,MKSMPK
VH00016,1148767,DR00016,37636474878,9/5/2024,Washington,District of Columbia,13.16,Completed,RVKMRG
VH00006,5754849,DR00006,59779732672,9/2/2024,Texas,Illinois,32.04,Completed,MKSMPK
VH00020,9493893,DR00020,77525293197,9/12/2024,California,Missouri,36.44,Completed,PRKMNU
VH00002,1323348,DR00002,62144331288,9/25/2024,Texas,Florida,21.18,Completed,NEWUSR
VH00006,5529777,DR00006,56921966325,9/27/2024,Kansas,California,10.49,Completed,MKSMPK
VH00006,9161688,DR00006,92384144356,9/2/2024,Ohio,Mississippi,13.86,Completed,RVKMRG
VH00010,5669932,DR00010,15741213776,9/23/2024,Virginia,District of Columbia,24.54,Completed,PRKMNU
VH00008,5466728,DR00008,11479316712,9/13/2024,North Carolina,Maine,28.44,Completed,PRMKMR
VH00018,7947935,DR00018,48311769453,9/1/2024,Arizona,Alabama,37.26,Completed,N/A
VH00004,7682475,DR00004,69297969112,9/19/2024,District of Columbia,Minnesota,38.04,Completed,MNUKMR
VH00015,9487458,DR00015,68513746585,9/26/2024,Ohio,West Virginia,30.62,Completed,LKHISD
VH00008,5665795,DR00008,75719434835,9/22/2024,Florida,Pennsylvania,29.89,Completed,PRKMNU
VH00006,3929873,DR00006,11827545182,9/16/2024,New York,Ohio,13.99,Completed,PRMKMR
VH00011,7218941,DR00011,68127827893,9/1/2024,Hawaii,Florida,33.12,Completed,LKHISD
VH00020,9534385,DR00020,46897228397,9/12/2024,South Carolina,Illinois,23.04,Completed,N/A
VH00020,6332964,DR00020,22844836135,9/25/2024,Texas,Indiana,14.74,Completed,RVKMRG
VH00001,8374282,DR00001,22532648488,9/7/2024,California,Colorado,32.76,Completed,MKSMPK
VH00019,5515297,DR00019,59459285951,9/21/2024,Georgia,California,22,Completed,RVKMRG
VH00016,7317386,DR00016,97149883955,9/10/2024,Virginia,Kentucky,21.02,Trip Failed,N/A
VH00019,1659931,DR00019,11476446835,9/4/2024,California,Florida,36.86,Completed,PRKMNU
VH00015,1811139,DR00015,76542182531,9/29/2024,Hawaii,West Virginia,26.99,Completed,PRKMNU
VH00005,9557593,DR00005,27227412227,9/14/2024,Pennsylvania,Florida,29.75,Completed,MNUKMR
VH00010,9557371,DR00010,85661971344,9/15/2024,Florida,Virginia,38.26,Completed,MKSMPK
VH00016,7148178,DR00016,54657122943,9/11/2024,Nevada,Texas,19.06,Completed,MNUKMR
VH00005,1233758,DR00005,82751721969,9/18/2024,California,Iowa,23.77,Completed,MNUKMR
VH00003,3855691,DR00003,83247847772,9/13/2024,Missouri,California,10.32,Completed,PRMKMR
VH00010,8939983,DR00010,76386212686,9/17/2024,District of Columbia,Texas,18.43,Completed,N/A
VH00012,8883288,DR00012,47996874572,9/18/2024,Tennessee,Ohio,35.05,Completed,MNUKMR
VH00006,2893242,DR00006,88455335459,9/5/2024,California,Virginia,14.13,Completed,NEWUSR
VH00012,9725736,DR00012,78268349195,9/24/2024,Indiana,Texas,19.82,Completed,PRKMNU
VH00005,6849565,DR00005,76338349277,9/20/2024,Utah,New York,26.35,Completed,PRKMNU
VH00005,8153776,DR00005,68896667453,9/6/2024,California,Wisconsin,32.66,Completed,RVKMRG
VH00015,8455333,DR00015,53843397667,9/15/2024,California,Arizona,22.43,Completed,PRKMNU
VH00017,8655722,DR00017,53141489359,9/23/2024,Minnesota,Texas,27.26,Completed,N/A
VH00015,3234458,DR00015,55271711571,9/6/2024,Georgia,South Carolina,27.32,Completed,RVKMRG
VH00007,4738158,DR00007,26399928477,9/1/2024,Utah,Idaho,18.26,Completed,NEWUSR
VH00019,6474843,DR00019,86336659765,9/26/2024,New York,New York,22.89,Completed,LKHISD
VH00016,9534124,DR00016,38694357861,9/23/2024,District of Columbia,District of Columbia,32.06,Trip Failed,PRMKMR
VH00016,2591594,DR00016,55895813592,9/13/2024,Florida,Colorado,14.55,Completed,RVKMRG
VH00019,1261527,DR00019,23575233922,9/21/2024,Illinois,California,35.66,Completed,RVKMRG
VH00004,2165241,DR00004,46431343495,9/14/2024,Arizona,Florida,17.56,Completed,RVKMRG
VH00013,7376993,DR00013,52113269331,9/21/2024,Kentucky,Florida,27.12,Completed,N/A
VH00017,5653256,DR00017,58789979678,9/27/2024,Texas,Alabama,19.18,Completed,PRMKMR
VH00005,2444291,DR00005,82214851331,9/23/2024,Texas,Tennessee,32.28,Completed,PRMKMR
VH00016,6827863,DR00016,24786194669,9/7/2024,Georgia,Missouri,19.03,Completed,PRKMNU
VH00001,7356542,DR00001,27223473955,9/11/2024,North Carolina,Maryland,14.26,Trip Failed,PRMKMR
VH00009,4271456,DR00009,32753274664,9/17/2024,Arizona,Colorado,38.07,Completed,MKSMPK
VH00016,3811713,DR00016,35848986713,9/20/2024,Colorado,Texas,32.25,Completed,N/A
VH00004,5536182,DR00004,77888279866,9/12/2024,California,New Jersey,33.94,Completed,PRMKMR
VH00007,3972422,DR00007,68368631965,9/13/2024,Indiana,Florida,28.16,Completed,MKSMPK
VH00010,7693191,DR00010,81263473196,9/16/2024,Colorado,New York,17.3,Completed,RVKMRG
VH00008,6944414,DR00008,66441312165,9/5/2024,Texas,California,38.34,Completed,RVKMRG
VH00008,2936942,DR00008,95779865166,9/19/2024,Kentucky,Texas,23.46,Completed,LKHISD
VH00019,9517954,DR00019,31333261391,9/7/2024,Louisiana,Pennsylvania,20.84,Completed,LKHISD
VH00006,3544883,DR00006,82378755868,9/6/2024,California,Wyoming,35.91,Completed,LKHISD
VH00016,9716338,DR00016,36185461186,9/8/2024,Georgia,Georgia,30.91,Completed,LKHISD
VH00016,3457617,DR00016,77256713173,9/10/2024,Virginia,California,11.7,Completed,NEWUSR
VH00010,6681397,DR00010,33394914446,9/29/2024,Minnesota,Rhode Island,36.06,Completed,LKHISD
VH00017,3856262,DR00017,66657874597,9/15/2024,Minnesota,California,16.88,Completed,LKHISD
VH00012,8225761,DR00012,61452956932,9/23/2024,Alaska,New York,22.69,Completed,MNUKMR
VH00009,5298831,DR00009,87689915582,9/20/2024,Pennsylvania,New York,11.54,Completed,PRKMNU
VH00017,9272493,DR00017,67554522438,9/7/2024,Georgia,Texas,38.2,Completed,MKSMPK
VH00013,8929641,DR00013,55434753496,9/15/2024,Connecticut,Virginia,17.17,Completed,PRMKMR
VH00019,2146333,DR00019,81586667616,9/15/2024,Georgia,Illinois,20.76,Completed,PRKMNU
VH00014,5179324,DR00014,25236599748,9/3/2024,California,Louisiana,24.12,Completed,PRKMNU
VH00007,7954933,DR00007,66134793716,9/19/2024,Texas,Texas,35.5,Completed,MNUKMR
VH00007,7996481,DR00007,43386427892,9/8/2024,Tennessee,Texas,18.74,Trip Failed,MNUKMR
VH00005,3265871,DR00005,28334766271,9/24/2024,Missouri,New York,33.92,Completed,MKSMPK
VH00006,7219597,DR00006,26527826396,9/15/2024,Massachusetts,Missouri,37.41,Completed,MKSMPK
VH00004,8117367,DR00004,24762971921,9/21/2024,New Jersey,Georgia,33.2,Completed,PRKMNU
VH00009,3283511,DR00009,56992672123,9/21/2024,Washington,Alabama,25.43,Completed,MKSMPK
VH00012,6252677,DR00012,11837794313,9/6/2024,Texas,Ohio,28.13,Completed,LKHISD
VH00013,4569747,DR00013,11949545649,9/15/2024,Minnesota,Arizona,39.52,Completed,PRMKMR
VH00012,1458724,DR00012,64873255431,9/14/2024,Michigan,Colorado,22.08,Completed,N/A
VH00007,8861968,DR00007,75374817269,9/24/2024,Alaska,District of Columbia,21.72,Completed,MKSMPK
VH00016,2196126,DR00016,81579317943,9/4/2024,Massachusetts,California,22.74,Trip Failed,LKHISD
VH00005,1845875,DR00005,39825725419,9/19/2024,Florida,California,38.48,Completed,RVKMRG
VH00002,1876922,DR00002,69643694951,9/4/2024,Florida,West Virginia,30.39,Completed,LKHISD
VH00011,2823834,DR00011,53811595188,9/21/2024,Georgia,North Dakota,17.51,Completed,N/A
VH00004,4896996,DR00004,86624654535,9/13/2024,Missouri,Minnesota,11.71,Trip Failed,N/A
VH00007,1291215,DR00007,68198118317,9/1/2024,Oklahoma,Texas,35.75,Completed,MKSMPK
VH00013,7457452,DR00013,19988748743,9/9/2024,California,New York,38.6,Completed,MKSMPK
VH00017,6833273,DR00017,72496283393,9/8/2024,New York,California,39.43,Completed,RVKMRG
VH00004,3163621,DR00004,97454265982,9/12/2024,Texas,Florida,30.45,Completed,RVKMRG
VH00011,8515717,DR00011,18163115249,9/9/2024,Florida,Georgia,36.52,Completed,RVKMRG
VH00009,3729525,DR00009,69331388732,9/9/2024,Michigan,West Virginia,29.68,Completed,NEWUSR
VH00012,7186425,DR00012,86532951784,9/27/2024,Ohio,Utah,24.68,Completed,N/A
VH00003,7796391,DR00003,79292543641,9/23/2024,Alabama,Washington,39.82,Completed,LKHISD
VH00010,2153263,DR00010,28624682858,9/29/2024,Florida,Kansas,34.37,Completed,PRMKMR
VH00012,2562241,DR00012,74217961855,9/5/2024,Michigan,Indiana,17.3,Completed,MKSMPK
VH00001,9276731,DR00001,38116788855,9/27/2024,Florida,Alabama,38.09,Completed,MKSMPK
VH00008,2717536,DR00008,69576225179,9/2/2024,Alabama,Texas,29.87,Completed,MNUKMR
VH00009,1158147,DR00009,51744613776,9/14/2024,Kansas,California,30.82,Completed,NEWUSR
VH00004,1565621,DR00004,14247988221,9/1/2024,Arizona,Louisiana,19.77,Completed,RVKMRG
VH00014,3564999,DR00014,48935288898,9/21/2024,Florida,Massachusetts,18.88,Completed,PRMKMR
VH00018,8786236,DR00018,18623464214,9/21/2024,Minnesota,California,38.45,Completed,PRMKMR
VH00011,9213533,DR00011,56826513827,9/2/2024,Florida,Arizona,26.8,Completed,NEWUSR
VH00020,6374972,DR00020,48557697434,9/29/2024,Texas,Ohio,11.16,Completed,PRMKMR
VH00004,6721745,DR00004,54644896848,9/6/2024,Ohio,Kentucky,26.32,Completed,RVKMRG
VH00010,8146871,DR00010,81866117289,9/6/2024,Kansas,Illinois,33.38,Completed,MKSMPK
VH00006,1436416,DR00006,91672663433,9/28/2024,Virginia,Minnesota,27.74,Completed,NEWUSR
VH00013,7171366,DR00013,74838958982,9/26/2024,Oklahoma,Ohio,31.21,Completed,PRKMNU
VH00012,5977437,DR00012,33418228572,9/28/2024,District of Columbia,Virginia,32.45,Completed,NEWUSR
VH00002,1888491,DR00002,81896487417,9/16/2024,Virginia,Rhode Island,10.87,Completed,NEWUSR
VH00007,9171489,DR00007,49211768492,9/19/2024,Texas,Alabama,17.91,Completed,LKHISD
VH00001,7342447,DR00001,75687796432,9/24/2024,Nevada,California,28.04,Completed,MNUKMR
VH00009,6282216,DR00009,83682289761,9/21/2024,Indiana,New York,21.86,Completed,MKSMPK
VH00012,3197956,DR00012,25929816426,9/18/2024,Pennsylvania,Florida,22.91,Completed,LKHISD
VH00002,2168221,DR00002,66732466481,9/11/2024,Florida,Washington,30.8,Trip Failed,PRKMNU
VH00003,1465955,DR00003,64613732946,9/14/2024,Florida,North Carolina,25.4,Completed,RVKMRG
VH00006,3829673,DR00006,31496737672,9/10/2024,California,Virginia,18.56,Completed,LKHISD
VH00016,2172994,DR00016,99566759819,9/15/2024,New York,Florida,20.8,Completed,LKHISD
VH00007,8972387,DR00007,77854478343,9/21/2024,Wisconsin,California,15.72,Completed,NEWUSR
VH00019,2673327,DR00019,19713163461,9/28/2024,Virginia,Connecticut,26.7,Completed,LKHISD
VH00018,5162388,DR00018,89575147746,9/17/2024,West Virginia,Ohio,31.29,Completed,RVKMRG
VH00008,3178691,DR00008,53675175861,9/20/2024,Texas,New York,16.15,Completed,PRMKMR
VH00006,3757942,DR00006,34963584728,9/14/2024,Louisiana,Virginia,32.22,Completed,N/A
VH00017,7295152,DR00017,91183338116,9/25/2024,Illinois,Illinois,27.79,Completed,LKHISD
VH00016,4536171,DR00016,91455361244,9/9/2024,California,Missouri,18.99,Completed,PRMKMR
VH00018,1467126,DR00018,27195484957,9/9/2024,Wisconsin,Colorado,23.51,Completed,N/A
VH00016,4832376,DR00016,71265126386,9/11/2024,New York,District of Columbia,21.68,Completed,RVKMRG
VH00008,8325634,DR00008,38157485968,9/8/2024,Delaware,New York,31.23,Completed,RVKMRG
VH00009,6924683,DR00009,71913874524,9/6/2024,Kansas,Texas,19.06,Completed,NEWUSR
VH00017,9494627,DR00017,93195725252,9/22/2024,Florida,Virginia,33.06,Completed,LKHISD
VH00019,7969634,DR00019,98983698536,9/15/2024,Texas,South Carolina,29.34,Completed,N/A
VH00007,3168332,DR00007,84527341489,9/1/2024,District of Columbia,Michigan,36.87,Completed,MKSMPK
VH00008,7785899,DR00008,33831488253,9/2/2024,Missouri,Minnesota,36.74,Completed,PRKMNU
VH00004,6536627,DR00004,75299184567,9/17/2024,Pennsylvania,Maryland,38.84,Completed,MKSMPK
VH00006,2188853,DR00006,61285586358,9/23/2024,Texas,Louisiana,24.17,Completed,LKHISD
VH00009,5533449,DR00009,53653835876,9/18/2024,Pennsylvania,Texas,32.43,Completed,LKHISD
VH00011,2866427,DR00011,85683542561,9/17/2024,Alabama,New Jersey,31.74,Completed,LKHISD
VH00020,3674724,DR00020,52592975625,9/1/2024,New York,Kentucky,37.77,Trip Failed,N/A
VH00006,9321446,DR00006,44652434159,9/8/2024,Ohio,Virginia,16.23,Completed,PRKMNU
VH00012,1493612,DR00012,78466321634,9/14/2024,Michigan,New York,27.06,Completed,N/A
VH00001,4847897,DR00001,59984296695,9/1/2024,Colorado,Alabama,26.77,Completed,RVKMRG
VH00007,2262145,DR00007,36589944918,9/25/2024,Texas,Pennsylvania,21.89,Trip Failed,PRMKMR
VH00015,3818175,DR00015,67484629935,9/6/2024,Pennsylvania,Texas,26.1,Completed,LKHISD
VH00006,1279527,DR00006,52542631533,9/14/2024,Florida,South Carolina,28.75,Completed,MKSMPK
VH00017,1339718,DR00017,73342367786,9/29/2024,Wisconsin,South Carolina,38.46,Trip Failed,RVKMRG
VH00002,3235776,DR00002,53763543686,9/21/2024,Idaho,Missouri,16.98,Completed,PRKMNU
VH00020,6574113,DR00020,66734561727,9/14/2024,Texas,Colorado,31.69,Completed,PRMKMR
VH00015,8116112,DR00015,88558481893,9/22/2024,California,California,38.72,Completed,N/A
VH00016,7788921,DR00016,28631311818,9/17/2024,New York,Texas,14.32,Completed,RVKMRG
VH00011,2775329,DR00011,36464326121,9/11/2024,Ohio,Washington,16.53,Completed,N/A
VH00010,4784894,DR00010,98343646475,9/4/2024,Oklahoma,Hawaii,27.34,Completed,MKSMPK
VH00015,7655362,DR00015,79457286233,9/12/2024,Georgia,Indiana,27.22,Completed,PRMKMR
VH00012,9265962,DR00012,52849534518,9/8/2024,Nevada,Ohio,16.1,Completed,N/A
VH00019,4435747,DR00019,67979354672,9/8/2024,New Jersey,Oregon,14.16,Completed,N/A
VH00012,3732512,DR00012,54553517721,9/23/2024,California,Utah,23.05,Completed,RVKMRG
VH00001,9168343,DR00001,63574951185,9/27/2024,Nebraska,Ohio,17.6,Completed,MNUKMR
VH00006,6953267,DR00006,11186436841,9/22/2024,South Carolina,Texas,24.87,Completed,RVKMRG
VH00015,7333526,DR00015,65337944163,9/18/2024,Colorado,Washington,24.71,Completed,RVKMRG
VH00001,4883327,DR00001,36844987797,9/7/2024,Virginia,Tennessee,28.59,Completed,N/A
VH00019,5467832,DR00019,55292129322,9/14/2024,North Carolina,California,20.24,Completed,MNUKMR
VH00001,5633942,DR00001,16652672424,9/13/2024,California,Alabama,32.33,Completed,NEWUSR
VH00005,5139363,DR00005,43574368426,9/1/2024,Florida,Florida,18.98,Trip Failed,RVKMRG
VH00005,1698117,DR00005,21884546478,9/2/2024,Ohio,Kentucky,34.09,Completed,RVKMRG
VH00006,8896311,DR00006,32273678322,9/29/2024,Montana,Nevada,16.69,Completed,MNUKMR
VH00011,7331873,DR00011,31614585192,9/8/2024,Minnesota,New York,12.24,Completed,RVKMRG
VH00006,1629263,DR00006,24255312829,9/19/2024,Colorado,Michigan,24.82,Completed,RVKMRG
VH00010,4146861,DR00010,38229246468,9/11/2024,Ohio,Hawaii,24.95,Completed,MNUKMR
VH00011,9232284,DR00011,38261688843,9/2/2024,Indiana,New Jersey,14.35,Completed,NEWUSR
VH00003,3689127,DR00003,12121288857,9/5/2024,Texas,Florida,13.54,Completed,NEWUSR
VH00012,3591548,DR00012,55356164178,9/17/2024,New York,Oklahoma,10.39,Completed,MKSMPK
VH00016,1215816,DR00016,34777424725,9/2/2024,Wisconsin,Ohio,33.71,Trip Failed,RVKMRG
VH00015,6852943,DR00015,92318558579,9/3/2024,Washington,Oklahoma,36.07,Completed,MKSMPK
VH00014,8664375,DR00014,68535173676,9/21/2024,Illinois,Texas,21.22,Trip Failed,RVKMRG
VH00020,7991826,DR00020,48193486379,9/26/2024,New York,Tennessee,19.21,Completed,N/A
VH00007,2521123,DR00007,78721378656,9/11/2024,Texas,New Hampshire,12.33,Completed,N/A
VH00006,7328166,DR00006,55721721754,9/13/2024,Massachusetts,Alabama,39.89,Completed,NEWUSR
VH00012,9581347,DR00012,49983989311,9/8/2024,California,Kentucky,26.81,Completed,N/A
VH00018,9147994,DR00018,25451864165,9/26/2024,Texas,Texas,23.71,Completed,RVKMRG
VH00015,6817334,DR00015,19785337837,9/4/2024,Alabama,Virginia,18.31,Completed,PRKMNU
VH00006,2312537,DR00006,31688839123,9/15/2024,Kansas,Washington,36.41,Completed,N/A
VH00019,1368271,DR00019,73547858826,9/8/2024,California,New York,27.64,Completed,LKHISD
VH00005,6192254,DR00005,62768651799,9/9/2024,Texas,Pennsylvania,37.44,Completed,MKSMPK
VH00014,6123274,DR00014,39262317774,9/1/2024,Illinois,New Mexico,29.28,Completed,PRMKMR
VH00015,2697856,DR00015,67424411852,9/14/2024,Nebraska,Illinois,25.87,Completed,MKSMPK
VH00002,8372187,DR00002,81993388868,9/13/2024,Oklahoma,Washington,22.49,Completed,MNUKMR
VH00020,8354828,DR00020,39678369875,9/22/2024,New York,Illinois,35.5,Completed,PRKMNU
VH00010,7925595,DR00010,49818721217,9/29/2024,Arizona,South Carolina,13.7,Completed,PRMKMR
VH00014,1862494,DR00014,11117316595,9/16/2024,Delaware,Oregon,12.1,Completed,RVKMRG
VH00008,7573772,DR00008,65594851494,9/12/2024,Illinois,Pennsylvania,11.65,Completed,MKSMPK
VH00005,6361338,DR00005,86519276372,9/13/2024,Washington,Tennessee,24.49,Completed,PRMKMR
VH00009,6986124,DR00009,78678934222,9/15/2024,Texas,Arizona,23.51,Completed,N/A
VH00003,7798713,DR00003,49975397318,9/26/2024,Minnesota,Florida,11.79,Completed,LKHISD
VH00006,2441598,DR00006,39665717414,9/28/2024,Minnesota,Oklahoma,35.94,Completed,MKSMPK
VH00014,9651883,DR00014,81341357842,9/6/2024,Florida,Alabama,39.96,Completed,PRMKMR
VH00016,1831745,DR00016,93275237485,9/8/2024,District of Columbia,California,26.48,Completed,MKSMPK
VH00010,6118842,DR00010,79114737892,9/14/2024,Florida,Ohio,25.54,Trip Failed,MKSMPK
VH00001,5829551,DR00001,41248477258,9/14/2024,New York,California,25.17,Completed,NEWUSR
VH00012,5636657,DR00012,74543225737,9/20/2024,Arizona,Texas,36.62,Completed,NEWUSR
VH00007,4683255,DR00007,21542227727,9/17/2024,Virginia,Michigan,13.51,Completed,MNUKMR
VH00002,7959338,DR00002,52195524933,9/18/2024,District of Columbia,Virginia,15.13,Completed,PRMKMR
VH00017,6394388,DR00017,15391863113,9/24/2024,California,Arizona,16.86,Completed,MNUKMR
VH00016,7552195,DR00016,65778568918,9/24/2024,Pennsylvania,Georgia,27.03,Completed,NEWUSR
VH00009,6318159,DR00009,96394123458,9/1/2024,Tennessee,California,25.87,Completed,PRKMNU
VH00010,6916141,DR00010,21458667143,9/14/2024,Oklahoma,California,23.74,Completed,N/A
VH00001,9534478,DR00001,33974168274,9/28/2024,Missouri,Ohio,38.09,Completed,PRMKMR
VH00016,1248823,DR00016,98536696345,9/16/2024,North Carolina,North Carolina,38.77,Completed,PRMKMR
VH00001,2773932,DR00001,37746814121,9/7/2024,Florida,New Mexico,16.44,Completed,PRMKMR
VH00015,5689657,DR00015,64143498435,9/13/2024,Alaska,Michigan,29.73,Completed,MNUKMR
VH00016,9957461,DR00016,27259768178,9/1/2024,California,District of Columbia,25.55,Completed,LKHISD
VH00008,7452866,DR00008,51329473716,9/19/2024,Minnesota,Florida,36.16,Completed,RVKMRG
VH00004,8732374,DR00004,27643477168,9/14/2024,California,Alaska,11.09,Completed,NEWUSR
VH00002,6714755,DR00002,18766111864,9/11/2024,Florida,Florida,13.99,Completed,RVKMRG
VH00006,3546379,DR00006,76462241518,9/28/2024,Virginia,California,13.71,Trip Failed,MNUKMR
VH00010,8257614,DR00010,71116377816,9/23/2024,Pennsylvania,Oklahoma,29.42,Completed,N/A
VH00006,7215672,DR00006,33967379848,9/1/2024,California,Maryland,37.11,Completed,PRKMNU
VH00016,8235944,DR00016,91581573449,9/22/2024,California,New Jersey,13,Completed,MNUKMR
VH00013,8322854,DR00013,42211599431,9/17/2024,Arkansas,Oklahoma,18.12,Completed,MNUKMR
VH00003,1948136,DR00003,68273635124,9/3/2024,California,Illinois,20.24,Completed,MKSMPK
VH00018,9264915,DR00018,51646316563,9/22/2024,District of Columbia,Texas,37.08,Completed,RVKMRG
VH00005,1431837,DR00005,21522173142,9/15/2024,Nebraska,Washington,29.66,Completed,MKSMPK
VH00004,4778363,DR00004,49674424395,9/20/2024,Georgia,Washington,31.27,Completed,RVKMRG
VH00010,8587611,DR00010,39912696559,9/11/2024,Florida,Indiana,17.91,Completed,N/A
VH00010,4125266,DR00010,88648258815,9/3/2024,Texas,Texas,24.69,Completed,N/A
VH00008,1728542,DR00008,84113138124,9/24/2024,Arizona,New York,29.1,Completed,NEWUSR
VH00018,7559686,DR00018,94813552927,9/9/2024,Kansas,Pennsylvania,16.31,Completed,NEWUSR
VH00003,8491571,DR00003,12932332583,9/11/2024,Utah,California,19.18,Completed,PRKMNU
VH00009,4119341,DR00009,28571568423,9/4/2024,New York,Pennsylvania,28.38,Completed,PRKMNU
VH00017,6162717,DR00017,64412967796,9/22/2024,Texas,Oklahoma,15.79,Trip Failed,PRMKMR
VH00017,6516225,DR00017,56821229319,9/10/2024,Florida,Tennessee,35.47,Completed,LKHISD
VH00005,2271727,DR00005,14332442561,9/15/2024,New Mexico,Pennsylvania,13.27,Trip Failed,MNUKMR
VH00010,4561211,DR00010,89528345655,9/26/2024,New York,Indiana,33.68,Completed,NEWUSR
VH00013,2521646,DR00013,72179413941,9/25/2024,Missouri,Texas,27.71,Completed,RVKMRG
VH00007,9852178,DR00007,12256569565,9/20/2024,Georgia,Kansas,36.87,Completed,MKSMPK
VH00019,5915692,DR00019,55557819368,9/18/2024,California,Texas,36.61,Completed,PRMKMR
VH00018,1556617,DR00018,65345357984,9/8/2024,Pennsylvania,New Jersey,18.6,Completed,PRKMNU
VH00004,9215248,DR00004,72929332629,9/27/2024,Georgia,Florida,16.39,Completed,LKHISD
VH00007,1732375,DR00007,97987141122,9/16/2024,District of Columbia,Kansas,13.13,Completed,NEWUSR
VH00012,7938629,DR00012,94599539527,9/8/2024,Tennessee,California,15.05,Trip Failed,MNUKMR
VH00008,2324365,DR00008,88277264229,9/5/2024,Alabama,West Virginia,15.42,Completed,NEWUSR
VH00019,7619677,DR00019,22463539619,9/14/2024,Missouri,California,36.87,Completed,NEWUSR
VH00006,1369978,DR00006,19661477183,9/12/2024,Arizona,West Virginia,17.48,Completed,PRKMNU
VH00002,4768923,DR00002,62783297772,9/7/2024,Louisiana,Tennessee,39.16,Completed,PRKMNU
VH00016,2634236,DR00016,75849797185,9/7/2024,Georgia,Michigan,39.79,Completed,MKSMPK
VH00014,7592199,DR00014,44395223945,9/16/2024,Washington,Florida,10.24,Trip Failed,N/A
VH00016,1984518,DR00016,83126363483,9/19/2024,Texas,Texas,39.34,Completed,MNUKMR
VH00012,1397394,DR00012,78386841578,9/14/2024,Florida,California,16.74,Completed,LKHISD
VH00018,6339695,DR00018,28774522478,9/26/2024,Mississippi,Texas,13.18,Completed,PRKMNU
VH00006,8248948,DR00006,17937428166,9/24/2024,West Virginia,Ohio,31.91,Completed,NEWUSR
VH00013,4338561,DR00013,34138313662,9/29/2024,Colorado,Illinois,29.47,Completed,PRKMNU
VH00014,4193959,DR00014,65918859923,9/4/2024,Texas,Texas,36.91,Completed,NEWUSR
VH00003,6326449,DR00003,99381221397,9/26/2024,Minnesota,California,17.08,Trip Failed,MNUKMR
VH00017,2489761,DR00017,66444558755,9/22/2024,California,New Mexico,35.76,Completed,PRMKMR
VH00017,3511819,DR00017,39137328779,9/6/2024,Alabama,Colorado,37.46,Completed,RVKMRG
VH00010,7714528,DR00010,94583913285,9/6/2024,Florida,California,36.39,Completed,LKHISD
VH00005,8932138,DR00005,71619951165,9/19/2024,Tennessee,Kansas,27.61,Completed,N/A
VH00005,1553813,DR00005,66876737532,9/1/2024,Ohio,Texas,29.05,Completed,MKSMPK
VH00007,8259138,DR00007,48328352399,9/29/2024,Texas,Indiana,21.79,Completed,RVKMRG
VH00016,6627218,DR00016,44248991615,9/15/2024,California,California,29.29,Completed,PRMKMR
VH00020,9778793,DR00020,27915918698,9/23/2024,Florida,California,19.9,Completed,PRMKMR
VH00013,8483987,DR00013,27475111343,9/2/2024,North Dakota,California,19.03,Completed,NEWUSR
VH00008,3991538,DR00008,74577427216,9/8/2024,Florida,Nevada,17.5,Completed,N/A
VH00010,8138792,DR00010,89388132795,9/25/2024,Ohio,Illinois,32.64,Completed,PRMKMR
VH00006,6993546,DR00006,73785431763,9/12/2024,New York,Ohio,13.31,Completed,RVKMRG
VH00003,2763662,DR00003,48738125236,9/9/2024,Illinois,Texas,32.97,Completed,NEWUSR
VH00001,9259383,DR00001,74357257247,9/3/2024,Rhode Island,Nevada,12.2,Completed,LKHISD
VH00010,9338847,DR00010,33459618745,9/27/2024,Illinois,California,37.94,Completed,LKHISD
VH00013,6974794,DR00013,61728364463,9/1/2024,Massachusetts,Iowa,35.51,Completed,RVKMRG
VH00002,4225212,DR00002,97245397419,9/11/2024,Kentucky,Nevada,21.7,Completed,N/A
VH00004,7619859,DR00004,62134964739,9/25/2024,Oregon,Louisiana,27.82,Completed,MNUKMR
VH00005,2347646,DR00005,63652585627,9/17/2024,Maryland,Michigan,20.51,Completed,MKSMPK
VH00002,8226812,DR00002,39136341478,9/21/2024,Wisconsin,Arizona,38.03,Trip Failed,RVKMRG
VH00009,7431395,DR00009,98139836749,9/28/2024,Colorado,New Mexico,11.55,Completed,MNUKMR
VH00014,6577614,DR00014,72856658477,9/3/2024,Virginia,Arizona,26.87,Completed,PRKMNU
VH00008,7141815,DR00008,33129337976,9/11/2024,Virginia,Georgia,39.01,Completed,NEWUSR
VH00010,1956913,DR00010,27444399285,9/18/2024,Kentucky,Arizona,17.2,Completed,N/A
VH00001,8184286,DR00001,19277464725,9/3/2024,District of Columbia,California,30.56,Completed,PRKMNU
VH00020,5582367,DR00020,13237687678,9/15/2024,Nebraska,New York,36.64,Completed,RVKMRG
VH00007,3723818,DR00007,31496849263,9/26/2024,Alabama,Indiana,15.17,Completed,MKSMPK
VH00013,6317366,DR00013,59781126663,9/29/2024,Missouri,Texas,16.77,Completed,MKSMPK
VH00003,6436277,DR00003,37759818828,9/17/2024,Indiana,Texas,21.27,Completed,N/A
VH00018,8722522,DR00018,56373573115,9/13/2024,Florida,Alabama,28.56,Completed,MNUKMR
VH00015,4921774,DR00015,13636277727,9/21/2024,Minnesota,Texas,17.71,Completed,N/A
VH00020,7299419,DR00020,28633149628,9/25/2024,Florida,Tennessee,19.82,Completed,MKSMPK
VH00007,9928953,DR00007,82478718566,9/22/2024,Tennessee,District of Columbia,11.16,Completed,PRKMNU
